ID,SKU,Nombre,URL_IMAGEN_MANUAL
25447,7809824009861,ROLLO CINTA ANTIDESLIZANTE  NEGRA 50 MM X 18 MTS BILDEN,
25444,PRODUCTO644,PANTALON TÉRMICO FORRO POLAR MTX Talla L,
25438,76131885431929,CAJA ORGANIZADORA WENBOX TRANSPARENTE 61 LTS C/TAPA,
25434,1753216517792,SACACORCHO DOBLE PALANCA 17 CMS,
25411,1748275503578,MICROONDAS MADENSA MANUAL MM28FB 28 LITROS,
25409,1738096339036,POLAINA IMPERMEABLE (PAR),
25408,1737155845768,CABO DE POSICIONAMIENTO CINTA REGULABLE C/FUNDA,
25407,1737155098931,CINTURON LINIERO SENCILLO C/APOYO LUMBAR,
25371,1729282936890,SOPORTE METALICO AL MURO PROTECTOR SOLAR,
25362,1726083126171,CAJA CEBADORA PARA RODENTICIDAS,
25361,1751483237949,ALIMENTO PARA PERRO CACHORRO BALANCEADO FULL NUTRITION 15 KILOS,
25360,1739480214524,ALIMENTO PARA PERRO AGILITY ADULTO RAZAS MEDIANAS Y GRANDES 15 KILOS,
25359,1739480153148,ALIMENTO PARA PERRO AGILITY CACHORRO 15 KILOS,
25358,1731609303137,ALIMENTO PARA PERRO BALANCEADO FULL NUTRITION 20 KG,
25357,1724947283607,ALIMENTO PARA PERRO PROTERLINE ADULTO 22 KILOS,
25355,1724947231124,ALIMENTO PARA PERRO AGILITY CACHORRO 3 KILOS,
25354,1724947218238,ALIMENTO PARA PERRO AGILITY ADULTO RAZA PEQUEÑA 3 KILOS,
25353,1724947199274,ALIMENTO PARA PERRO PURA NATURA CALDO DE HUESOS 250 GRS,
25352,1724947173055,ALIMENTO PARA PERRO POEMA PERRO ADULTO 20  KILOS,
25351,1751483331381,"ALIMENTO PARA GATO BALANCEADO FULL NUTRITION 7,5 KG",
25350,1747429608625,ALIMENTO PARA GATO POEMA URINARY 7 KILOS,
25344,1723479199004,BOTIN PUMA IRON HD MID CAFE N° 46,
25336,76589077815125,BOTIN SHERPA´S MOD. SH442 NDKTC N°42,
25330,1754317950043,BOTIN SHERPA´S MOD. SH435 N°35,
25328,1728394667882,BOTIN SHERPA´S MOD. SH435 N°45,
25327,1728394659780,BOTIN SHERPA´S MOD. SH435 N°36,
25326,1725981477709,BOTIN SHERPA´S MOD. SH435 N°37,
25323,1713819360264,BOTIN SHERPA´S MOD. SH435 N°44,
25322,1713819351731,BOTIN SHERPA´S MOD. SH435 N°43,
25321,1713819337477,BOTIN SHERPA´S MOD. SH435 N°42,
25319,1713819321528,BOTIN SHERPA´S MOD. SH435 N°40,
25318,1713819313296,BOTIN SHERPA´S MOD. SH435 N°39,
25317,1713819296779,BOTIN SHERPA´S MOD. SH435 N°38,
25316,1713196779920,ENCENDEDOR RONSON TRANSPARENTE,
25301,1712061844338,BOTIN LG-600 ELEKTRON N° 42,
25298,1715288175053,POLERA DRY FIT HW SPX MANGA CORTA VARON ORANGE TALLA XL,
25297,1715288169155,POLERA DRY FIT HW SPX MANGA CORTA VARON ORANGE TALLA L,
25296,1715288162936,POLERA DRY FIT HW SPX MANGA CORTA VARON ORANGE TALLA M,
25292,1707758250383,POLERA DRY FIT HW SPX MANGA LARGA VARON DEEP BLUE TALLA L,
25290,1707758166346,POLERA DRY FIT HW SPX MANGA LARGA VARON DARK GREEN TALLA L,
25287,1705959683943,SHAMPOO BALLERINA 750 ML,
25285,1731526549546,RESPIRADOR ERGONIC DESCARTABLE 2870 FFP2 CAJA 20 UN,
25284,1709903308383,RESPIRADOR MEDIO ROSTRO ERGONIC 200S TALLA L,
25283,1709903297821,RESPIRADOR MEDIO ROSTRO ERGONIC 200S TALLA M,
25280,6943475898083,"CAT SIERRA CIRCULAR 71/4"" 1800W 220V",
25277,1704824371573,"CAT TRONZADORA DE PERFILES 14""2200W DX519",
25276,6943475851118,CAT BATERIA LI / ION 18V 4AH DXB4,
25271,6943475851132,CAT TALADRO PERCUTOR 13MM 750W DX17,
25270,6943475851163,CAT ROTOMARTILLO SDS PLUS 26MM 800W DX26,
25269,6943475882099,"CAT ESMERIL ANGULAR 9"" 2350W DX351",
25268,6943475882105,"CAT ESMERIL ANGULAR 7"" 2350W DX352",
25265,6943475851286,CAT SIERRA CALADORA 750W DX54,
25264,6943475898045,CAT FRESADORA TUPI  2100W DX89,
25263,6943475851323,CAT SIERRA CIRCULAR 7 1/4  1400 W DX59,
25262,6943475851026,CAT ATORNILLADOR IMPACTO  18 V 2BAT+CARGADOR DX71,
25251,1703281477214,PARKA P.JACK VPK351 CALGARY DAMA ROJO TALLA M,
25230,1703281250247,PARKA P.JACK VPK300 CALGARY VARON NEGRO TALLA L,
25218,1703279653071,PARKA PLUMA P.JACK VCH251 NEBRASKA DAMA NEGRO TALLA M,
25213,1703279462470,PARKA PLUMA P.JACK VCH200 NEBRASKA VARON NEGRO TALLA L,
25202,1703279210241,BLUSA P.JACK VCA151 VIRGINIA DAMA BLANCO TALLA M,
25186,1703279008303,CAMISA P.JACK VCA100 VERMONT VARON BEIGE TALLA L,
25176,1703275847214,PANTALON OUTDOOR P.JACK VPA001 COLORADO VARON BEIGE TALLA L,
25169,1703275789104,PANTALON OUTDOOR P.JACK VPA001 COLORADO VARON NEGRO TALLA S,
25159,1703275659359,PANTALON OUTDOOR P.JACK VPA051 MINNESOTA DAMA BEIGE TALLA M,
25140,1703274574998,POLAR P.JACK VPO451 VICTORIA DAMA GRIS TALLA M,
25131,1703274445243,POLAR P.JACK VPO400 DELTA VARON AZUL TALLA L,
25126,1701778402146,CORDON PARA LENTES,
25125,1750079646919,LIMPIADOR DESINFECTANTE IGENIX LAVANDA 900 ML,
25116,1698331074816,BOTIN NAZCA LOA NU 205 N° 44,
25114,1698331061668,BOTIN NAZCA LOA NU 205 N° 42,
25106,1696347288165,SILBATO,
25092,1721846970887,BOTIN P.JACK PJ 514 ADK N°45,
25090,1712063707151,BOTIN P.JACK PJ 514 ADK N°39,
25089,1704205661610,BOTIN P.JACK PJ 513 GDK N°45,
25088,1704205655956,BOTIN P.JACK PJ 513 GDK N°44,
25084,1704205639802,BOTIN P.JACK PJ 513 GDK N°40,
25080,1694632248516,BOTIN P.JACK PJ 517 NDKCW N° 42,
25075,1693490337826,BOTIN P.JACK PJ 514 ADK N°43,
25072,1693490208825,BOTIN P.JACK PJ 514 ADK N°40,
25070,1693240208439,BOTA PVC MAXFOOD C/ PTA Y PLANTA ACERO BLANCA N° 45,
25069,1693240197302,BOTA PVC MAXFOOD C/ PTA Y PLANTA ACERO BLANCA N° 44,
25068,1693240188261,BOTA PVC MAXFOOD C/ PTA Y PLANTA ACERO BLANCA N° 43,
25067,1693240179363,BOTA PVC MAXFOOD C/ PTA Y PLANTA ACERO BLANCA N° 42,
25066,1693240170341,BOTA PVC MAXFOOD C/ PTA Y PLANTA ACERO BLANCA N° 41,
25065,1693240161626,BOTA PVC MAXFOOD C/ PTA Y PLANTA ACERO BLANCA N° 40,
25064,1693240153838,BOTA PVC MAXFOOD C/ PTA Y PLANTA ACERO BLANCA N° 39,
25063,1693240146430,BOTA PVC MAXFOOD C/ PTA Y PLANTA ACERO BLANCA N° 38,
25062,1693240138230,BOTA PVC MAXFOOD C/ PTA Y PLANTA ACERO BLANCA N° 37,
25061,1693240106000,BOTA PVC MAXFOOD C/ PTA Y PLANTA ACERO BLANCA N° 36,
25060,1740750394704,FERRE. CARRO DE CARGA TIPO YEGUA 200 KG,
25047,1702389425706,BOTIN SHERPA´S MOD. SH426 NDKTCW N° 45,
25046,1702389349824,BOTIN SHERPA´S MOD. SH426 NDKTCW N° 44,
25044,1702389325966,BOTIN SHERPA´S MOD. SH426 NDKTCW N° 40,
25043,1702389311225,BOTIN SHERPA´S MOD. SH426 NDKTCW N° 39,
25042,1702389300071,BOTIN SHERPA´S MOD. SH426 NDKTCW N° 38,
25041,1693231719248,BOTIN SHERPA´S MOD. SH426 NDKTCW N° 42,
25040,1691620218950,BOTIN SHERPA´S MOD. SH426 NDKTCW N° 43,
25036,1723236052691,MICROPOLAR EJECUTIVO TELA PLANA VARON GRIS OSCURO 03079 TALLA XL,
25025,1753719858394,POLERA CUELLO POLO K-FIT M/LARGA NEGRA TALLA M,
25024,1753719836979,POLERA CUELLO POLO K-FIT M/LARGA NEGRA TALLA XL,
25023,1753719831374,POLERA CUELLO POLO K-FIT M/LARGA NEGRA TALLA L,
25009,1704920975357,POLERA CUELLO POLO DRYFRESH SMOOTH COD:01176  M/LARGA AZUL TALLA M,
25002,1690412893346,POLERA HIDRIDA DUAL HI-VIS M/L VARON COD: 01341 GRIS TALLA M,
24996,1690412825134,POLERA HIDRIDA DUAL HI-VIS M/L VARON COD: 01341 AZUL TALLA S,
24995,1690323062944,PROTECTOR PLASTICO LIZCAL 5 M2 2.5 x 2.0 MT 508PPC,
24994,7809828000918,PROTECTOR PLASTICO LIZCAL 10 M2   2.5 x 4.0 MT 508PP,
24993,1689884985260,MUÑEQUERA PORTA HERRAMIENTAS KL-9000,
24988,76132104747258,CHALECO GEOLOGO INGENIERO AZUL ACKERLAND TALLA XXL,
24987,76132103807348,CHALECO GEOLOGO INGENIERO AZUL ACKERLAND TALLA XL,
24986,76132102682271,CHALECO GEOLOGO INGENIERO AZUL ACKERLAND TALLA S,
24985,76132101572191,CHALECO GEOLOGO INGENIERO AZUL ACKERLAND TALLA M,
24984,76132100499831,CHALECO GEOLOGO INGENIERO AZUL ACKERLAND TALLA L,
24978,1696260084173,CHALECO GEOLOGO INGENIERO NARANJO- AMARILLO TALLA S,
24977,1689890917969,CHALECO GEOLOGO INGENIERO NARANJO AZUL TALLA XL,
24976,1689890895860,CHALECO GEOLOGO INGENIERO NARANJO AZUL TALLA L,
24975,1689890871808,CHALECO GEOLOGO INGENIERO NARANJO AZUL TALLA M,
24974,1689890812254,CHALECO GEOLOGO INGENIERO NARANJO AZUL TALLA S,
24973,1689789604148,CHALECO GEOLOGO INGENIERO NARANJO AZUL TALLA XXL,
24972,1689789035557,CHALECO GEOLOGO INGENIERO NARANJO- AMARILLO TALLA M,
24964,1718394748448,PANTALON IGNIFUGO NFPA COD 50098 TALLA L,
24955,1688058585798,POLERA PIQUE M/LARGA 02426 HIBRIDA C/REFLECTIVA AZUL TALLA XXL,
24941,75675667406557,PANTALON CARGO TULIPERO PRO 10741GRIS OSCURO/GRIS TALLA 56,
24940,75675666467499,PANTALON CARGO TULIPERO PRO 10741GRIS OSCURO/GRIS TALLA 46,
24939,75675665557513,PANTALON CARGO TULIPERO PRO 10741GRIS OSCURO/GRIS TALLA 44,
24938,1748282027683,PANTALON CARGO TULIPERO PRO 10741GRIS OSCURO/GRIS TALLA 48,
24937,1747075088363,PANTALON CARGO TULIPERO PRO 10741GRIS OSCURO/GRIS TALLA 40,
24930,1745598356505,PANTALON CARGO TULIPERO PRO 10741GRIS OSCURO/GRIS TALLA 42,
24918,1688600256164,PANTALON CARGO TULIPERO EFFECTIVE 10721 VARON GRIS OSC/GRIS TALLA 48,
24917,1688600251446,PANTALON CARGO TULIPERO EFFECTIVE 10721 VARON GRIS OSC/GRIS TALLA 46,
24916,1688600246468,PANTALON CARGO TULIPERO EFFECTIVE 10721 VARON GRIS OSC/GRIS TALLA 44,
24915,1688600239480,PANTALON CARGO TULIPERO EFFECTIVE 10721 VARON GRIS OSC/GRIS TALLA 42,
24914,1688600197411,PANTALON CARGO TULIPERO EFFECTIVE 10721 VARON AZUL/AZUL INDIGO TALLA 54,
24913,1688600138965,PANTALON CARGO TULIPERO STRONG 10761 VARON AZUL/AZUL INDIGO TALLA 56,
24912,1688600134001,PANTALON CARGO TULIPERO STRONG 10761 VARON AZUL/AZUL INDIGO TALLA 54,
24911,1688600128845,PANTALON CARGO TULIPERO STRONG 10761 VARON AZUL/AZUL INDIGO TALLA 52,
24910,1688600123712,PANTALON CARGO TULIPERO STRONG 10761 VARON AZUL/AZUL INDIGO TALLA 50,
24907,1688600105773,PANTALON CARGO TULIPERO STRONG 10761 VARON AZUL/AZUL INDIGO TALLA 44,
24906,1688600099425,PANTALON CARGO TULIPERO STRONG 10761 VARON AZUL/AZUL INDIGO TALLA 42,
24905,1688600063077,PANTALON CARGO TULIPERO STRONG 10761 VARON GRIS OSC/GRIS TALLA 56,
24904,1688600058666,PANTALON CARGO TULIPERO STRONG 10761 VARON GRIS OSC/GRIS TALLA 54,
24897,1688599937288,PANTALON CARGO TULIPERO EFFECTIVE 10721 VARON AZUL/AZUL INDIGO TALLA 56,
24896,1688599925926,PANTALON CARGO TULIPERO EFFECTIVE 10721 VARON AZUL/AZUL INDIGO TALLA 42,
24895,1688599916450,PANTALON CARGO TULIPERO EFFECTIVE 10721 VARON AZUL/AZUL INDIGO TALLA 52,
24893,1688057268084,PANTALON CARGO TULIPERO EFFECTIVE 10721 VARON AZUL/AZUL INDIGO TALLA 46,
24892,1688057246770,PANTALON CARGO TULIPERO EFFECTIVE 10721 VARON AZUL/AZUL INDIGO TALLA 44,
24891,1688057219464,PANTALON CARGO TULIPERO EFFECTIVE 10721 VARON AZUL/AZUL INDIGO TALLA 48,
24890,76788749060468,ZAPATILLA SKECHERS OCUPACIONAL DAXTIN N°41,
24886,1748634454735,ZAPATILLA SKECHERS SQUAD N°40,
24879,1734363865584,ZAPATILLA SKECHERS FAISON SLIP N° 45,
24873,1688954177892,ZAPATILLA SKECHERS ARCKET GYBK TALLA N°43,
24871,1688954157611,ZAPATILLA SKECHERS ARCKET GYBK TALLA N°40,
24863,1687192226918,RETRACTIL HALT 3.5 MT HB-3.5 CABLE GALVANIZADO,
24859,1710853574983,PANTALON ORYX YOSEMITE VARON NEGRO TALLA XL,
24858,1710853566237,PANTALON ORYX YOSEMITE VARON NEGRO TALLA L,
24857,1710853558768,PANTALON ORYX YOSEMITE VARON NEGRO TALLA S,
24856,1710853550038,PANTALON ORYX YOSEMITE VARON NEGRO TALLA 32/M,
24852,1687182035334,PANTALON ORYX LASSEN VARON GREEN TALLA M,
24848,1687181955374,PANTALON ORYX LASSEN VARON BROWN TALLA M,
24847,1687181770992,PANTALON ORYX YOSEMITE VARON VERDE TALLA S,
24846,1687181757866,PANTALON ORYX YOSEMITE VARON VERDE TALLA XL,
24845,1687181744888,PANTALON ORYX YOSEMITE VARON VERDE TALLA L,
24844,1687181621896,PANTALON ORYX YOSEMITE VARON VERDE TALLA 32/M,
24843,1684791261225,FERR. REPUESTO RODILLO ANTIGOTA LIZCAL 6184,
24842,1708374044354,FERR. PROTECTOR TESA EASY COVER 1.4MTSX25MTS 2.60 x 15 MTS,
24827,1683226666575,POLERA DRY FIT SPX M/LARGA VARON ORANGE TALLA XL,
24825,1683226657607,POLERA DRY FIT SPX M/LARGA VARON ORANGE TALLA L,
24823,1683226437920,"POLERA DRY FIT SPX M/LARGA VARON MUSTARD TALLA M,",
24822,1683226445262,POLERA DRY FIT SPX M/LARGA VARON MUSTARD TALLA L,
24816,1683226604589,POLERA DRY FIT SPX M/LARGA VARON DARK GREEN TALLA XL,
24811,1683226514624,POLERA DRY FIT SPX M/LARGA VARON CARBON GRAY TALLA M,
24810,1683226522597,POLERA DRY FIT SPX M/LARGA VARON CARBON GRAY TALLA L,
24808,1683227571996,POLERA DRY FIT SPX M/LARGA DAMA LIME TALLA M,
24807,1683227579388,POLERA DRY FIT SPX M/LARGA DAMA LIME TALLA L,
24805,1683226170439,POLERA DRY FIT SPX M/LARGA DAMA GRIS TALLA L,
24799,1683226232190,POLERA DRY FIT SPX M/LARGA DAMA CORAL TALLA S,
24798,1683226239955,POLERA DRY FIT SPX M/LARGA DAMA CORAL TALLA M,
24796,1683231090803,POLERA DRY FIT SPX M/CORTA VARON ORANGE TALLA XXL,
24792,1683227465169,POLERA DRY FIT SPX M/CORTA VARON LIME TALLA XL,
24791,1683227456643,POLERA DRY FIT SPX M/CORTA VARON LIME TALLA L,
24789,1683227059865,POLERA DRY FIT SPX M/CORTA VARON CARBON GRAY TALLA XL,
24786,1683227276900,POLERA DRY FIT SPX M/CORTA DAMA CORAL TALLA S,
24785,1683227283821,POLERA DRY FIT SPX M/CORTA DAMA CORAL TALLA M,
24784,1683227291084,POLERA DRY FIT SPX M/CORTA DAMA CORAL TALLA L,
24783,1683227253839,POLERA DRY FIT SPX M/CORTA DAMA CARBON GRAY TALLA XL,
24782,1683227230988,POLERA DRY FIT SPX M/CORTA DAMA CARBON GRAY TALLA S,
24781,1683227238386,POLERA DRY FIT SPX M/CORTA DAMA CARBON GRAY TALLA M,
24780,1683227245400,POLERA DRY FIT SPX M/CORTA DAMA CARBON GRAY TALLA L,
24778,1683227167495,POLERA DRY FIT SPX M/CORTA DAMA AQUA TALLA S,
24777,1683227177575,POLERA DRY FIT SPX M/CORTA DAMA AQUA TALLA M,
24776,1683227190056,POLERA DRY FIT SPX M/CORTA DAMA AQUA TALLA L,
24766,1702906937736,BOTIN NAZCA XR08 N° 40,
24755,1684514475469,BOTIN NAZCA XR08 N° 43,
24752,1683128818000,BOTIN NAZCA XR06 N°45,
24751,1683128805177,BOTIN NAZCA XR06 N°44,
24745,1683128750711,BOTIN NAZCA XR06 N°38,
24744,1683128742723,BOTIN NAZCA XR06 N°37,
24742,1687182404803,POLAR ORYX DENALI VARON AZUL TALLA XL,
24741,1687182396902,POLAR ORYX DENALI VARON AZUL TALLA L,
24740,1687182386575,POLAR ORYX DENALI VARON AZUL TALLA M,
24739,1687182375709,POLAR ORYX DENALI VARON AZUL TALLA S,
24738,1683060043789,POLAR ORYX DENALI VARON NEGRO (GREY) TALLA XL,
24737,1683060038623,POLAR ORYX DENALI VARON NEGRO (GREY) TALLA L,
24736,1683060033977,POLAR ORYX DENALI VARON NEGRO (GREY) TALLA M,
24735,1683060027566,POLAR ORYX DENALI VARON NEGRO (GREY) TALLA S,
24720,1710853022412,CAMISA OUTDOOR ORYX SERENGUETI DAMA GRIS TALLA XL,
24719,1710853014014,CAMISA OUTDOOR ORYX SERENGUETI DAMA GRIS TALLA L,
24718,1710853003851,CAMISA OUTDOOR ORYX SERENGUETI DAMA GRIS TALLA M,
24717,1710852996045,CAMISA OUTDOOR ORYX SERENGUETI DAMA GRIS TALLA S,
24716,1710852982156,CAMISA OUTDOOR ORYX SERENGUETI DAMA BEIGE TALLA XL,
24715,1710852974489,CAMISA OUTDOOR ORYX SERENGUETI DAMA BEIGE TALLA L,
24714,1710852967421,CAMISA OUTDOOR ORYX SERENGUETI DAMA BEIGE TALLA M,
24713,1710852959080,CAMISA OUTDOOR ORYX SERENGUETI DAMA BEIGE TALLA S,
24712,1688601271204,CAMISA OUTDOOR ABELIA 06381 VARON AZUL TALLA XXL,
24711,1688601264952,CAMISA OUTDOOR ABELIA 06381 VARON AZUL TALLA XL,
24708,1688601243656,CAMISA OUTDOOR ABELIA 06381 VARON AZUL TALLA S,
24707,1688601229039,CAMISA OUTDOOR ABELIA 06381 VARON TAUPE TALLA XXL,
24706,1688601222384,CAMISA OUTDOOR ABELIA 06381 VARON TAUPE TALLA XL,
24704,1688601209033,CAMISA OUTDOOR ABELIA 06381 VARON TAUPE TALLA M,
24703,1688601202090,CAMISA OUTDOOR ABELIA 06381 VARON TAUPE TALLA S,
24702,1683056767163,CAMISA OUTDOOR ORYX SERENGUETI VARON GRIS TALLA XL,
24701,1683056760203,CAMISA OUTDOOR ORYX SERENGUETI VARON GRIS TALLA L,
24700,1683056753431,CAMISA OUTDOOR ORYX SERENGUETI VARON GRIS TALLA M,
24699,1683056745269,CAMISA OUTDOOR ORYX SERENGUETI VARON GRIS TALLA S,
24698,1683056683375,CAMISA OUTDOOR ORYX SERENGUETI VARON BEIGE TALLA XL,
24697,1683056675751,CAMISA OUTDOOR ORYX SERENGUETI VARON BEIGE TALLA L,
24696,1683056668723,CAMISA OUTDOOR ORYX SERENGUETI VARON BEIGE TALLA M,
24695,1683056661671,CAMISA OUTDOOR ORYX SERENGUETI VARON BEIGE TALLA S,
24694,1682540168809,CAMISA OUTDOOR COD: IZLI01100N HYDRO H1 BLANCA TALLA XXL,
24693,1682540162785,CAMISA OUTDOOR COD: IZLI01100N HYDRO H1 BLANCA TALLA XL,
24692,1682540157685,CAMISA OUTDOOR COD: IZLI01100N HYDRO H1 BLANCA TALLA S,
24691,1682540150946,CAMISA OUTDOOR COD: IZLI01100N HYDRO H1 BLANCA TALLA M,
24684,1727710492374,PANTALON GABARDINA COD 10621 DUAL HI VIS CON CINTA AZUL TALLA XL,
24680,1743618899913,POLAR HW DELTA PRO DAMA NEGRO TALLA M,
24670,1680818317316,POLAR HW NORDIC C/GORRO AZUL TALLA XXL,
24661,1680809843917,POLAR HW CHIPORRO SHAGGY DAMA NEGRO TALLA S,
24657,1680809818252,POLAR HW CHIPORRO SHAGGY DAMA ORANGE TALLA M,
24655,1680809754045,POLAR HW NORDIC S/GORRO CABERNET TALLA XXL,
24652,1680809737139,POLAR HW NORDIC S/GORRO CABERNET TALLA M,
24651,1680809733861,POLAR HW NORDIC S/GORRO CABERNET TALLA S,
24650,1680809720977,POLAR HW NORDIC S/GORRO PETROLEO TALLA XXL,
24647,1680809706477,POLAR HW NORDIC S/GORRO PETROLEO TALLA M,
24646,1680809701180,POLAR HW NORDIC S/GORRO PETROLEO TALLA S,
24644,1679924333691,POLAR HW CHIPORRO SHAGGY VARON AZUL TALLA XL,
24643,1679924327473,POLAR HW CHIPORRO SHAGGY VARON AZUL TALLA L,
24642,1679924321521,POLAR HW CHIPORRO SHAGGY VARON AZUL TALLA M,
24641,1679924312039,POLAR HW CHIPORRO SHAGGY VARON AZUL TALLA S,
24640,1679924296240,POLAR HW CHIPORRO SHAGGY VARON NEGRO TALLA XXL,
24638,1679924283086,POLAR HW CHIPORRO SHAGGY VARON NEGRO TALLA L,
24637,1679924276548,POLAR HW CHIPORRO SHAGGY VARON NEGRO TALLA M,
24635,1679924224515,POLAR HW CHIPORRO SHAGGY VARON ORANGE TALLA XXL,
24634,1679924207226,POLAR HW CHIPORRO SHAGGY VARON ORANGE TALLA XL,
24630,1687182323677,POLAR ORYX ELK VARON BLACK TALLA XL,
24629,1687182316693,POLAR ORYX ELK VARON BLACK TALLA L,
24628,1687182308906,POLAR ORYX ELK VARON BLACK TALLA M,
24627,1687182301962,POLAR ORYX ELK VARON BLACK TALLA S,
24626,1687182193813,POLAR ORYX ELK VARON HABANO TALLA XL,
24625,1687182186088,POLAR ORYX ELK VARON HABANO TALLA L,
24624,1687182178997,POLAR ORYX ELK VARON HABANO TALLA M,
24623,1687182171952,POLAR ORYX ELK VARON HABANO TALLA S,
24622,1678973273222,POLAR ORYX KATMAI DAMA GRIS TALLA XL,
24621,1678973267212,POLAR ORYX KATMAI DAMA GRIS TALLA L,
24620,1678973261974,POLAR ORYX KATMAI DAMA GRIS TALLA M,
24619,1678973257142,POLAR ORYX KATMAI DAMA GRIS TALLA S,
24618,1678973216955,POLAR ORYX KATMAI VARON BRICK MELANGE (LADRILLO) TALLA XL,
24617,1678973211816,POLAR ORYX KATMAI VARON BRICK MELANGE (LADRILLO) TALLA L,
24616,1678973205787,POLAR ORYX KATMAI VARON BRICK MELANGE (LADRILLO) TALLA M,
24615,1678973201348,POLAR ORYX KATMAI VARON BRICK MELANGE (LADRILLO) TALLA S,
24614,1678973124233,POLAR ORYX KATMAI VARON GRIS TALLA XL,
24613,1678973119282,POLAR ORYX KATMAI VARON GRIS TALLA L,
24612,1678973114660,POLAR ORYX KATMAI VARON GRIS TALLA M,
24611,1678973103142,POLAR ORYX KATMAI VARON GRIS TALLA S,
24609,1710849327966,CHAQUETA IMPERMEABLE ORYX DAMA JASPER BLACK TALLA XL,
24608,1710849319906,CHAQUETA IMPERMEABLE ORYX DAMA JASPER BLACK TALLA L,
24607,1710849308898,CHAQUETA IMPERMEABLE ORYX DAMA JASPER BLACK TALLA M,
24606,1710849301038,CHAQUETA IMPERMEABLE ORYX DAMA JASPER BLACK TALLA S,
24605,1692310428857,CHAQUETA IMPERMEABLE ORYX KAROO VARON BROWN TALLA XL,
24604,1687183275963,CHAQUETA IMPERMEABLE ORYX KAROO VARON BROWN TALLA M,
24603,1678972923340,CHAQUETA IMPERMEABLE ORYX VARON JASPER BLACK TALLA XL,
24601,1678972914757,CHAQUETA IMPERMEABLE ORYX VARON JASPER BLACK TALLA M,
24600,1678972909445,CHAQUETA IMPERMEABLE ORYX VARON JASPER BLACK TALLA S,
24598,1678972888662,CHAQUETA IMPERMEABLE ORYX VARON JASPER NAVY TALLA L,
