ID,Nombre_del_Producto,SKU,Precio_Actual,Ruta_Categoria_Sugerida,Notas_IA
25499,CAMISA OUTDOOR HW M/LARGA ANTAKARI SPANDEX AZUL TALLA XXL,76893449489057,42900,,
25498,PANTALON HW OUTDOOR SUMMIT DAMA CARBON GRAY TALLA L,76893444858698,47900,,
25497,FERR. KIT RESTAURACION FOCOS AUTOMOVIL,1723214792652 - 139,28090,,
25496,FERR. ESMALTE SINTETICO PROF. TRICOLOR BLANCO 1/4 GL,8412000003010047271,13990,,
25495,FERR. ESMALTE AL AGUA TRICOLOR HOGAR Y FACHADA BLANCO PERFECTO GL,9666027101010042176,35900,,
25494,FERR. LATEX TRICOLOR PAREDES Y CIELO BLANCO PERFECTO GL,9668027101010042250,25300,,
25493,FERR. LLAVE PASO BOLA METALICA 1 1/4,1000050040567 - 7528530026480,10690,,
25492,FERR. ESMALTE SINTETICO PROF. TRICOLOR BLANCO 1 GL,8412000001010047392,43690,,
25491,FERR. ESMALTE SINTETICO PROF. TRICOLOR NEGRO 1 GL,8412890001010047199,43690,,
25490,RESPIRADOR RESPIRADOR ELIPSE OV/P100,76891812232611,64900,,
25489,FERR. DESAGUE LAVAPLATO UTILITY 11/2  C/REBALSE R/INOX,1742297526785 - 7806179608138,14900,,
25488,FERR. ESCALERA TIJERA ALUMINIO 12 PELDAÑOS 3.66 MTS,76891567429139,326950,,
25486,PANTALON VESTIR CARGO CLASSIC COD. 10057 VARON AZUL MARINO N° 44,PRODUCTO660,17900,,
25484,PANTALON VESTIR CARGO CLASSIC COD. 10057 VARON AZUL MARINO N° 56,PRODUCTO672,17900,,
25483,PANTALON VESTIR CARGO CLASSIC COD. 10057 VARON AZUL MARINO N° 54,PRODUCTO670,17900,,
25482,PANTALON VESTIR CARGO CLASSIC COD. 10057 VARON AZUL MARINO N° 46,PRODUCTO662,17900,,
25481,PANTALON VESTIR CARGO CLASSIC COD. 10057 VARON AZUL MARINO N° 42,PRODUCTO658,17900,,
25480,FERR. SOPORTE ONDA PARA POLICARBONATO BOLSA 25 UN,76885546503723,3890,,
25479,PANTALON VESTIR CARGO CLASSIC COD. 10057 VARON AZUL MARINO N° 52,PRODUCTO668,17900,,
25478,PANTALON VESTIR CARGO CLASSIC COD. 10057 VARON AZUL MARINO N° 40,PRODUCTO661,17900,,
25477,PANTALON VESTIR CARGO CLASSIC COD. 10057 VARON AZUL MARINO N° 50,PRODUCTO666,17900,,
25476,PANTALON VESTIR CARGO CLASSIC COD. 10057 VARON AZUL MARINO N° 48,PRODUCTO664,17900,,
25475,FERR. ANTICORROSIVO PASSOL ALQUID OCRE GALON,76885192559820,16900,,
25474,FERR. ESPATULA HELA PLASTICA 70MM LISA,7809839029465,1090,,
25473,BOTIN NORSEG  DESERT R/L N°42,76884965906337,134900,,
25472,CALZA HW BIKER NEGRA TALLA L,76884760989646,22900,,
25471,FERR. ACEITE FLUIDO DE CORTE SPRAY 300 ML WURTH,4056807562780,11900,,
25470,POLERA HW WINDSOR M/CORTA VARON AZUL TALLA L,76884647874018,27900,,
25469,POLERA HW WINDSOR M/CORTA VARON GRIS TALLA L,76884646271153,27900,,
25468,FERR. NIPLE HE PVC PRESION 1/2,76884512560518,120,,
25467,FERR. PINTURA SPRAY W-MAX GRAFITO 400 ML,4056807090771,4590,,
25466,BASURERO 660 LTS VERDE,76883413808829,210000,,
25465,"FERR. TALADRO COLUMNA 3/4HP, 220V 5/8 (ZJ-5116)",76883399129703,605900,,
25464,FERR. ATORNILLADOR IMPACTO INGCO 20V INAL. #CIRLI2002 C/2 BAT. C/1 CARGADOR (C)(OF),76883369933555,145900,,
25463,FERR. GOMA P/LLAVE PLANA NEGRA 1/2 FERRETOOLS F2222 JUEGO 10 UN,76882630065928,890,,
25447,ROLLO CINTA ANTIDESLIZANTE  NEGRA 50 MM X 18 MTS BILDEN,7809824009861,42900,,
25442,DISPOSITIVO DE BLOQUEO BREAKER 480-600 VOLT,76433997710997,9100,,
25441,DISPOSITIVO DE BLOQUEO BREAKER 120-277 VOLT,76433993612497,8350,,
25440,DISPOSITIVO DE BLOQUEO MINI BREAKER NEGRO POS 12MM,76433969321720,5290,,
25439,DISPOSITIVO DE BLOQUEO MINI BREAKER AZUL PIS 12MM,76433953942805,4990,,
25437,JUEGO DE SABANAS 1.5 PLAZAS 200 HILOS,75753921028918,15990,,
25433,ALZADOR PIES KENSINGTON SOLEMASSAGE 5 POS NG,1750974170364,62900,,
25432,TERMOLAMINADORA PLASTIFICADORA 6 EN 1 FRIO / CALOR GUILLOTINA,1749660190480,59900,,
25426,GABINETE METALICO PRIMEROS AUXILIOS 500X300X150 MM,1746455145343,69990,,
25425,COMPRESA DE FRIO/ CALOR HOSPITALARIO 28 X 13,1746214917799,12900,,
25424,CLORURO DE SODIO 0.9% 20 ML,1746214848037,1490,,
25423,CABESTRILLO BRAZO TALLA XL,1746214774752,10900,,
25422,TORULAS CRANBERRY DE ALGODON 0.5 GRS X 100 UN,1746214187015,2900,,
25421,SUTURA CUTANEA LEUKOSAN STRIPS 6 X 38,1746214061583,2100,,
25420,TALA MICROPORE BLANCA 12 ROLLOS,1746213699132,3290,,
25419,ASEO ABRILLANTADOR DE PISO 900 ML,7804930009552,6200,,
25418,ASEO REMOVEDOR DE PISO 900 ML,7804930014068,6200,,
25417,GAMELA PLASTICA,1740747625450,4655.46,,
25416,GAMELA PLASTICA OVALADA 18 LTS,1740747598835,5540,,
25411,MICROONDAS MADENSA MANUAL MM28FB 28 LITROS,1748275503578,116900,,
25410,MICROONDAS MADEMSA MANUAL MM31FB 31 LITROS PANEL DIGITAL,1740143856986,131490,,
25408,CABO DE POSICIONAMIENTO CINTA REGULABLE C/FUNDA,1737155845768,62990,,
25403,CEPILLO DE DIENTES,1737138361901,2500,,
25401,COOLER ROLLER CON RUEDAS 50 LITROS,1734716801203,95900,,
25380,MESA ESCRITORIO AJUSTABLE,1734029442480,42900,,
25379,MESA PING PONG PLEGABLE,1731956259648,533340,,
25378,MESA TACA-TACA CHILENA,1731955734974,446420,,
25375,"PISO WET COLOR ROJO 5MM ROLLO 1,20 X 15 MTS",76053042427377,180000,,
25374,"PISO NOMAD 12 MM COLOR NEGRO ROLLO 1,20 X 12 MTS",1745852863498,255000,,
25373,"PISO WET COLOR GRIS ROLLO 1,20 X 15 MTS",1731956867357,171900,,
25372,"PISO NOMAD 12 MM COLOR GRIS ROLLO 1,20 X 12 MTS",1729805543536,174900,,
25371,SOPORTE METALICO AL MURO PROTECTOR SOLAR,1729282936890,10590,,
25366,FUNDA DE TRASLADO Y PROTEC /KIT RESCATE P. AUXILIO STEELPRO STEELPRO,1727279797037,44900,,
25365,ESCAFANDRA GRIS,1740403952568,6900,,
25364,ESCAFANDRA NEGRA,1727182982105,6900,,
25363,ESCAFANDRA BLANCA,1727182941328,6900,,
25347,CINTILLO POLIESTER ELASTICADO BLANCO 5 CM X 20 CM,1724266124356,2900,,
25342,KIT CONTENCION DERRAME VEHICULOS,1721834439117,150000,,
25339,MICROSCOPIO DE BOLSILLO,1715897000984,19900,,
25338,TENSIONOMETRO DIGITAL,1715889431849,16900,,
25316,ENCENDEDOR RONSON TRANSPARENTE,1713196779920,450,,
25304,DETECTOR OXIGENO DRAGER PAC 6500 02 0-25% VOL,1712699644001,590000,,
25303,TINTA 664,1712262059964,19900,,
25302,CAPUCHA BLS 5700C ANTIACIDA CORTA,1712252599409,302000,,
25287,SHAMPOO BALLERINA 750 ML,1705959683943,2900,,
25281,JEANS MEZCLILLA IGNIFUGO,1705610060341,92484,,
25278,CAT PISTOLA CALOR 2000W DX87,6943475851347,68990,,
25276,CAT BATERIA LI / ION 18V 4AH DXB4,6943475851118,79990,,
25275,CAT CARGADOR BATERIA 220V 2AH Y 4AH DXC4,1704824092991,56990,,
25264,CAT FRESADORA TUPI  2100W DX89,6943475898045,198350,,
25150,POLAR P.JACK VPO451 VICTORIA DAMA GRIS TALLA XS,1703277533556,52900,,
25149,POLAR P.JACK VPO451 VICTORIA DAMA AZUL TALLA XS,1703274806773,52900,,
25148,POLAR P.JACK VPO451 VICTORIA DAMA AZUL TALLA XXL,1703274642770,52900,,
25147,POLAR P.JACK VPO451 VICTORIA DAMA AZUL TALLA XL,1703274634480,52900,,
25146,POLAR P.JACK VPO451 VICTORIA DAMA AZUL TALLA L,1703274627468,52900,,
25145,POLAR P.JACK VPO451 VICTORIA DAMA AZUL TALLA M,1703274620497,52900,,
25144,POLAR P.JACK VPO451 VICTORIA DAMA AZUL TALLA S,1703274613728,52900,,
25143,POLAR P.JACK VPO451 VICTORIA DAMA GRIS TALLA XXL,1703274599964,52900,,
25142,POLAR P.JACK VPO451 VICTORIA DAMA GRIS TALLA XL,1703274592232,52900,,
25141,POLAR P.JACK VPO451 VICTORIA DAMA GRIS TALLA L,1703274582093,52900,,
25140,POLAR P.JACK VPO451 VICTORIA DAMA GRIS TALLA M,1703274574998,52900,,
25139,POLAR P.JACK VPO451 VICTORIA DAMA GRIS TALLA S,1703274567803,52900,,
25138,POLAR P.JACK VPO400 DELTA VARON GRIS TALLA XXL,1703274521989,59900,,
25137,POLAR P.JACK VPO400 DELTA VARON GRIS TALLA XL,1703274513460,59900,,
25136,POLAR P.JACK VPO400 DELTA VARON GRIS TALLA L,1703274505519,59900,,
25135,POLAR P.JACK VPO400 DELTA VARON GRIS TALLA M,1703274496971,59900,,
25134,POLAR P.JACK VPO400 DELTA VARON GRIS TALLA S,1703274490509,59900,,
25133,POLAR P.JACK VPO400 DELTA VARON AZUL TALLA XXL,1703274462228,59900,,
25132,POLAR P.JACK VPO400 DELTA VARON AZUL TALLA XL,1703274452134,59900,,
25131,POLAR P.JACK VPO400 DELTA VARON AZUL TALLA L,1703274445243,59900,,
25130,POLAR P.JACK VPO400 DELTA VARON AZUL TALLA M,1703274438405,59900,,
25129,POLAR P.JACK VPO400 DELTA VARON AZUL TALLA S,1703274428448,59900,,
25106,SILBATO,1696347288165,2900,,
25039,MICROPOLAR EJECUTIVO TELA PLANA VARON AZUL ROYAL TALLA M,1754070675350,19900,,
25038,MICROPOLAR EJECUTIVO TELA PLANA VARON AZUL ROYAL TALLA XL,1736946949448,16722.7,,
25037,MICROPOLAR EJECUTIVO TELA PLANA VARON GRIS OSCURO 03079 TALLA XXL,1723236074197,26900,,
25036,MICROPOLAR EJECUTIVO TELA PLANA VARON GRIS OSCURO 03079 TALLA XL,1723236052691,26900,,
25035,MICROPOLAR EJECUTIVO TELA PLANA VARON GRIS OSCURO 03079 TALLA L,1723236038690,26900,,
25034,MICROPOLAR EJECUTIVO TELA PLANA VARON GRIS OSCURO 03079 TALLA M,1723236021073,26900,,
25033,MICROPOLAR EJECUTIVO TELA PLANA VARON GRIS OSCURO 03079 TALLA S,1723236003974,26900,,
25032,MICROPOLAR EJECUTIVO TELA PLANA VARON AZUL ROYAL TALLA L,1691415983927,19900,,
24995,PROTECTOR PLASTICO LIZCAL 5 M2 2.5 x 2.0 MT 508PPC,1690323062944,3000,,
24994,PROTECTOR PLASTICO LIZCAL 10 M2   2.5 x 4.0 MT 508PP,7809828000918,3600,,
24993,MUÑEQUERA PORTA HERRAMIENTAS KL-9000,1689884985260,5930,,
24971,ANENOMETRO DIGITAL,1688764182326,52900,,
24868,RETRACTIL EN CABLE 10m (30ft) KL-9300 KBEEN,1744753768361,346990,,
24867,RETRACTIL (K) HALT EN CINTA 6 M HB-6N,1720538158396,340000,,
24866,RETRACTIL EN CABLE 6m (20lft) KL-9300 KBEEN,1720531440504,276000,,
24865,RETRACTIL EN CABLE 3m (10ft) KL-9300 KBEEN,1719958600713,220000,,
24864,RETRACTIL HALT MIKRON ONEBLOCK CI 2M COD.MIC02_169,1719850862382,269000,,
24863,RETRACTIL HALT 3.5 MT HB-3.5 CABLE GALVANIZADO,1687192226918,299080,,
24862,RETRACTIL HALT 6 MT HB-06 CABLE GALVANIZADO,1687192131537,416576,,
24840,CARTON CORRUGADO ROLLO,1684788860614,55000,,
24839,SILLA ESCRITORIO PRO FC33 SEP-51,1684532387876,83300,,
24838,SOPORTE TABLA P/ESTACION TRAUMA,1684163277803,11900,,
24742,POLAR ORYX DENALI VARON AZUL TALLA XL,1687182404803,46990,,
24741,POLAR ORYX DENALI VARON AZUL TALLA L,1687182396902,46990,,
24740,POLAR ORYX DENALI VARON AZUL TALLA M,1687182386575,46990,,
24739,POLAR ORYX DENALI VARON AZUL TALLA S,1687182375709,46990,,
24738,POLAR ORYX DENALI VARON NEGRO (GREY) TALLA XL,1683060043789,46990,,
24737,POLAR ORYX DENALI VARON NEGRO (GREY) TALLA L,1683060038623,46990,,
24736,POLAR ORYX DENALI VARON NEGRO (GREY) TALLA M,1683060033977,46990,,
24735,POLAR ORYX DENALI VARON NEGRO (GREY) TALLA S,1683060027566,46990,,
24734,POLAR ORYX CLARK DAMA AZUL TALLA XL,1683055666215,46990,,
24733,POLAR ORYX CLARK DAMA AZUL TALLA M,1683055652758,46990,,
24680,POLAR HW DELTA PRO DAMA NEGRO TALLA M,1743618899913,49900,,
24679,POLAR HW DELTA PRO VARON NEGRO TALLA M,1743618888584,49900,,
24678,POLAR HW AUSTRAL DAMA GRIS CLARO TALLA XXXL,1720705483363,59900,,
24677,POLAR HW AUSTRAL DAMA GRIS CLARO TALLA XXL,1720705475131,59900,,
24676,POLAR HW AUSTRAL DAMA GRIS CLARO TALLA XL,1720705463167,59900,,
24675,POLAR HW AUSTRAL DAMA GRIS CLARO TALLA L,1720705451788,59900,,
24674,POLAR HW AUSTRAL DAMA GRIS CLARO TALLA M,1720705445007,59900,,
24673,POLAR HW AUSTRAL DAMA GRIS CLARO TALLA S,1720705434162,59900,,
24672,POLAR HW CHIPORRO SHAGGY DAMA DEEP BLUE TALLA L,1707830829337,33529.4,,
24671,POLAR HW CHIPORRO SHAGGY DAMA DEEP BLUE TALLA M,1700145930776,37500,,
24665,POLAR HW CHIPORRO SHAGGY DAMA NEGRO TALLA XXL,1680809869133,37500,,
24664,POLAR HW CHIPORRO SHAGGY DAMA NEGRO TALLA XL,1680809864966,37500,,
24663,POLAR HW CHIPORRO SHAGGY DAMA NEGRO TALLA L,1680809860807,37500,,
24662,POLAR HW CHIPORRO SHAGGY DAMA NEGRO TALLA M,1680809857535,37500,,
24661,POLAR HW CHIPORRO SHAGGY DAMA NEGRO TALLA S,1680809843917,37500,,
24660,POLAR HW CHIPORRO SHAGGY DAMA ORANGE TALLA XXL,1680809831817,37500,,
24659,POLAR HW CHIPORRO SHAGGY DAMA ORANGE TALLA XL,1680809827353,37500,,
24658,POLAR HW CHIPORRO SHAGGY DAMA ORANGE TALLA L,1680809822751,37500,,
24657,POLAR HW CHIPORRO SHAGGY DAMA ORANGE TALLA M,1680809818252,37500,,
24656,POLAR HW CHIPORRO SHAGGY DAMA ORANGE TALLA S,1680809814440,37500,,
24645,POLAR HW CHIPORRO SHAGGY VARON AZUL TALLA XXL,1679924340111,39900,,
24644,POLAR HW CHIPORRO SHAGGY VARON AZUL TALLA XL,1679924333691,39900,,
24643,POLAR HW CHIPORRO SHAGGY VARON AZUL TALLA L,1679924327473,39900,,
24642,POLAR HW CHIPORRO SHAGGY VARON AZUL TALLA M,1679924321521,39900,,
24641,POLAR HW CHIPORRO SHAGGY VARON AZUL TALLA S,1679924312039,39900,,
24640,POLAR HW CHIPORRO SHAGGY VARON NEGRO TALLA XXL,1679924296240,39900,,
24639,POLAR HW CHIPORRO SHAGGY VARON NEGRO TALLA XL,1679924290068,39900,,
24638,POLAR HW CHIPORRO SHAGGY VARON NEGRO TALLA L,1679924283086,39900,,
24637,POLAR HW CHIPORRO SHAGGY VARON NEGRO TALLA M,1679924276548,39900,,
24636,POLAR HW CHIPORRO SHAGGY VARON NEGRO TALLA S,1679924269873,39900,,
24635,POLAR HW CHIPORRO SHAGGY VARON ORANGE TALLA XXL,1679924224515,39900,,
24634,POLAR HW CHIPORRO SHAGGY VARON ORANGE TALLA XL,1679924207226,39900,,
24633,POLAR HW CHIPORRO SHAGGY VARON ORANGE TALLA L,1679924199750,39900,,
24632,POLAR HW CHIPORRO SHAGGY VARON ORANGE TALLA M,1679924190444,39900,,
24631,POLAR HW CHIPORRO SHAGGY VARON ORANGE TALLA S,1679924178471,39900,,
24630,POLAR ORYX ELK VARON BLACK TALLA XL,1687182323677,59990,,
24629,POLAR ORYX ELK VARON BLACK TALLA L,1687182316693,59990,,
24628,POLAR ORYX ELK VARON BLACK TALLA M,1687182308906,59990,,
24627,POLAR ORYX ELK VARON BLACK TALLA S,1687182301962,59990,,
24626,POLAR ORYX ELK VARON HABANO TALLA XL,1687182193813,59990,,
24625,POLAR ORYX ELK VARON HABANO TALLA L,1687182186088,59990,,
24624,POLAR ORYX ELK VARON HABANO TALLA M,1687182178997,59990,,
24623,POLAR ORYX ELK VARON HABANO TALLA S,1687182171952,59990,,
24622,POLAR ORYX KATMAI DAMA GRIS TALLA XL,1678973273222,49990,,
24621,POLAR ORYX KATMAI DAMA GRIS TALLA L,1678973267212,49990,,
24620,POLAR ORYX KATMAI DAMA GRIS TALLA M,1678973261974,49990,,
24619,POLAR ORYX KATMAI DAMA GRIS TALLA S,1678973257142,49990,,
24618,POLAR ORYX KATMAI VARON BRICK MELANGE (LADRILLO) TALLA XL,1678973216955,49990,,
24617,POLAR ORYX KATMAI VARON BRICK MELANGE (LADRILLO) TALLA L,1678973211816,49990,,
24616,POLAR ORYX KATMAI VARON BRICK MELANGE (LADRILLO) TALLA M,1678973205787,49990,,
24615,POLAR ORYX KATMAI VARON BRICK MELANGE (LADRILLO) TALLA S,1678973201348,49990,,
24614,POLAR ORYX KATMAI VARON GRIS TALLA XL,1678973124233,49990,,
24613,POLAR ORYX KATMAI VARON GRIS TALLA L,1678973119282,49990,,
24612,POLAR ORYX KATMAI VARON GRIS TALLA M,1678973114660,49990,,
24611,POLAR ORYX KATMAI VARON GRIS TALLA S,1678973103142,49990,,
24556,POLAR HW TANTAUCO 1/2 CIERRE NEGRO TALLA XL,76011969434501,28900,,
24555,POLAR HW TANTAUCO 1/2 CIERRE NEGRO TALLA L,76011968402326,28900,,
24554,POLAR HW TANTAUCO 1/2 CIERRE NEGRO TALLA M,76011967470152,28900,,
24553,POLAR HW TANTAUCO 1/2 CIERRE NEGRO TALLA S,76011958588287,28900,,
24552,POLAR HW TANTAUCO 1/2 CIERRE PETROLEO TALLA L,1718635749120,28900,,
24551,POLAR HW TANTAUCO 1/2 CIERRE PETROLEO TALLA M,1680818434561,28900,,
24550,POLAR HW TANTAUCO 1/2 CIERRE GRIS TALLA M,1666110800732,28900,,
24313,POLAR QUEBEC PARDO VARON AZUL TALLA XXXL,76651500643615,23900,,
24312,POLAR QUEBEC PARDO VARON NEGRO TALLA XXL,1668193877652,23900,,
24311,POLAR QUEBEC PARDO VARON NEGRO TALLA XL,1668193870260,23900,,
24310,POLAR QUEBEC PARDO VARON NEGRO TALLA L,1668193863938,23900,,
24309,POLAR QUEBEC PARDO VARON NEGRO TALLA M,1668193857667,23900,,
24308,POLAR QUEBEC PARDO VARON NEGRO TALLA S,1668193851016,23900,,
24307,POLAR QUEBEC PARDO DAMA NEGRO TALLA XL,1668193836376,23900,,
24306,POLAR QUEBEC PARDO DAMA NEGRO TALLA L,1668193829596,23900,,
24305,POLAR QUEBEC PARDO DAMA NEGRO TALLA M,1668193822384,23900,,
24304,POLAR QUEBEC PARDO DAMA NEGRO TALLA S,1668193815728,23900,,
24303,POLAR QUEBEC PARDO DAMA NEGRO TALLA XS,1668193802429,23900,,
24302,POLAR QUEBEC PARDO VARON AZUL TALLA XXL,1663016484355,23900,,
24301,POLAR QUEBEC PARDO VARON AZUL TALLA XL,1663016477180,23900,,
24300,POLAR QUEBEC PARDO VARON AZUL TALLA L,1663016470405,23900,,
24299,POLAR QUEBEC PARDO VARON AZUL TALLA M,1663016461999,23900,,
24298,POLAR QUEBEC PARDO VARON AZUL TALLA S,1663016455376,23900,,
24297,POLAR QUEBEC PARDO DAMA AZUL TALLA XS,1663016419882,23900,,
24296,POLAR QUEBEC PARDO DAMA AZUL TALLA XL,1663016412322,23900,,
24295,POLAR QUEBEC PARDO DAMA AZUL TALLA L,1663016403527,23900,,
24294,POLAR QUEBEC PARDO DAMA AZUL TALLA M,1663016395700,23900,,
24293,POLAR QUEBEC PARDO DAMA AZUL TALLA S,1663016380964,23900,,
24292,AGUA BOLLENES RECARGA 12 LTS,1713995510757,1290,,
24291,AGUA BOLLENES ENVASE VACIO,1694208417693,3500,,
24290,AGUA BOLLENES RECARGA  20 LITROS,1694208342857,2000,,
24289,AGUA SOPORTE BASICO,1662156889690,7900,,
24086,REMOVEDOR DE SARRO INDUSTRIAL REM-SAR 5 LITROS,1659109821647,9900,,
23910,BALANZA DIGITAL 100 KG FWYYBAF100,76003805406048,62900,,
23909,BALANZA DIGITAL SERIE ACS 40 KILOS,6901290180523,34990,,
23908,BALANZA DIGITAL 10 KILOS,1651587955178,8390,,
23907,POLAR QUEBEC KENAI VARON VERDE TALLA XXL,1650578985725,23900,,
23906,POLAR QUEBEC KENAI VARON GRIS TALLA XXL,1650578973317,23900,,
23905,POLAR QUEBEC KENAI VARON GRIS TALLA XL,1650578966187,23900,,
23904,POLAR QUEBEC KENAI VARON GRIS TALLA L,1650578956410,23900,,
23903,POLAR QUEBEC KENAI VARON GRIS TALLA M,1650578946411,23900,,
23902,POLAR QUEBEC KENAI VARON GRIS TALLA S,1650578933266,23900,,
23901,POLAR QUEBEC KENAI VARON NEGRO TALLA XXL,1650578915514,23900,,
23900,POLAR QUEBEC KENAI VARON NEGRO TALLA XL,1650578905231,23900,,
23899,POLAR QUEBEC KENAI VARON NEGRO TALLA L,1650578896402,23900,,
23898,POLAR QUEBEC KENAI VARON NEGRO TALLA M,1650578881942,23900,,
23897,POLAR QUEBEC KENAI VARON NEGRO TALLA S,1650578875099,20084,,
23896,POLAR QUEBEC KENAI VARON VERDE TALLA XL,1650578860215,23900,,
23895,POLAR QUEBEC KENAI VARON VERDE TALLA L,1650578854074,23900,,
23894,POLAR QUEBEC KENAI VARON VERDE TALLA M,1650578845389,23900,,
23893,POLAR QUEBEC KENAI VARON VERDE TALLA S,1650578839486,23900,,
23892,POLAR QUEBEC KENAI DAMA VERDE TALLA XL,1650578812629,23900,,
23891,POLAR QUEBEC KENAI DAMA VERDE TALLA L,1650578803447,23900,,
23890,POLAR QUEBEC KENAI DAMA VERDE TALLA M,1650578793598,23900,,
23889,POLAR QUEBEC KENAI DAMA VERDE TALLA S,1650578787118,23900,,
23888,POLAR QUEBEC KENAI DAMA VERDE TALLA XS,1650578774700,23900,,
23887,POLAR QUEBEC KENAI DAMA GRIS TALLA XL,1650578754060,23900,,
23886,POLAR QUEBEC KENAI DAMA GRIS TALLA L,1650578746867,23900,,
23885,POLAR QUEBEC KENAI DAMA GRIS TALLA M,1650578739506,23900,,
23884,POLAR QUEBEC KENAI DAMA GRIS TALLA S,1650578731947,23900,,
23883,POLAR QUEBEC KENAI DAMA GRIS TALLA XS,1650578719362,23900,,
23882,POLAR QUEBEC KENAI DAMA NEGRO TALLA XL,1650578702652,23900,,
23881,POLAR QUEBEC KENAI DAMA NEGRO TALLA L,1650578695152,23900,,
23880,POLAR QUEBEC KENAI DAMA NEGRO TALLA M,1650578681748,23900,,
23879,POLAR QUEBEC KENAI DAMA NEGRO TALLA S,1650578674718,23900,,
23878,POLAR QUEBEC KENAI DAMA NEGRO TALLA XS,1650578664398,23900,,
23877,TARJETA BLOQUEO 25 UNIDADES,1721857843826,22900,,
23876,TARJETA BLOQUEO MASTER LOCK N° MODELO 497AX 12 UNIDADES,1649433914990,19800,,
23693,TOMA PRESION MUÑECA,1690395912675,29900,,
23650,SALVAVIDA CIRCULAR,1632317321364,35990,,
23649,ANTIESTATICO ACTIVARMR 80-813 TALLA L,1632316062525,30230,,
23648,TRAJE PANADERO POPLIN BLANCO,1631646965375,32900,,
23647,MICROPOLAR S/MANGAS VARON VERDE BOTELLA TALLA L,1630672935344,11900,,
23555,MICROPOLAR TECH PETROHUE GRIS MELANGE VARON T/XXL,1628696202065,37900,,
23554,MICROPOLAR TECH PETROHUE GRIS MELANGE VARON T/XL,1628696190460,37900,,
23553,MICROPOLAR TECH PETROHUE GRIS MELANGE VARON T/L,1628696182545,37900,,
23552,MICROPOLAR TECH PETROHUE GRIS MELANGE VARON T/M,1628696175760,37900,,
23551,MICROPOLAR TECH PETROHUE GRIS MELANGE VARON T/S,1628695160444,37900,,
23550,POLAR LLANQUIHUE VARON MUSTARD TALLA XXL,1681769696183,40900,,
23549,POLAR LLANQUIHUE VARON MUSTARD TALLA XL,1681769689136,40900,,
23548,POLAR LLANQUIHUE VARON MUSTARD TALLA L,1681769680851,40900,,
23547,POLAR LLANQUIHUE VARON MUSTARD TALLA S,1681769663286,40900,,
23546,POLAR LLANQUIHUE DAMA AZUL DAMA XS,1628284732333,40900,,
23545,POLAR LLANQUIHUE DAMA NEGRO TALLA XS,1628284715061,40900,,
23544,POLAR LLANQUIHUE DAMA NEGRO TALLA XL,1627054876919,40900,,
23543,POLAR LLANQUIHUE DAMA NEGRO TALLA L,1627054869073,40900,,
23542,POLAR LLANQUIHUE DAMA NEGRO TALLA M,1627054861941,40900,,
23541,POLAR LLANQUIHUE DAMA NEGRO TALLA S,1627054855269,40900,,
23540,POLAR LLANQUIHUE VARON NEGRO TALLA XXL,1627054837153,40900,,
23539,POLAR LLANQUIHUE VARON NEGRO TALLA XL,1627054832270,40900,,
23538,POLAR LLANQUIHUE VARON NEGRO TALLA L,1627054826008,40900,,
23537,POLAR LLANQUIHUE VARON NEGRO TALLA M,1627054819782,40900,,
23536,POLAR LLANQUIHUE VARON NEGRO TALLA S,1627054812787,40900,,
23535,POLAR LLANQUIHUE DAMA AZUL TALLA XL,1627054779448,40900,,
23534,POLAR LLANQUIHUE DAMA AZUL TALLA S,1627054763882,40900,,
23533,POLAR LLANQUIHUE DAMA AZUL TALLA M,1627054755331,40900,,
23532,POLAR LLANQUIHUE DAMA AZUL TALLA L,1627054739489,40900,,
23531,POLAR LLANQUIHUE VARON AZUL TALLA XXL,1627054697141,40900,,
23530,POLAR LLANQUIHUE VARON AZUL TALLA XL,1627054688415,40900,,
23529,POLAR LLANQUIHUE VARON AZUL TALLA L,1627054683355,40900,,
23528,POLAR LLANQUIHUE VARON AZUL TALLA S,1627054585301,40900,,
23527,POLAR LLANQUIHUE VARON AZUL TALLA M,1627054566699,40900,,
16644,CIERRE HILO COSER BURDEO 125,1640032768954,1700,,
16643,CIERRE HILO COSER BEIGE 476,1640032750996,1700,,
16642,HILO BORDAR COD:3905,1617220453796,1200,,
16641,EDELBROCK ED 180 N° 43,1676041485470,54990,,
16640,EDELBROCK ED 180 N° 41,1675858235771,54990,,
16639,EDELBROCK ED 180 N° 39,1675858230907,54990,,
16638,EDELBROCK ED 180 N° 40,1657288891257,54990,,
16637,EDELBROCK ED 180 N° 42,1617112005922,54990,,
16636,DESLIZADOR POLEA TANDEM,1734980353687,107100,,
16635,DESLIZADOR STOPSEGMA,1653513461883,50700,,
16634,DESLIZADOR OPENWING,1653513452724,37900,,
16622,LIQUIDACION CONCRETERA 6170,1694637720350,9990,,
14602,POLAR HW NO WIND PRO NEGRO DAMA TALLA XS,1744840426243,49900,,
14601,POLAR HW NO WIND PRO NEGRO DAMA TALLA XL,1713209233941,49900,,
14600,POLAR HW NO WIND PRO NEGRO DAMA TALLA M,1713209192060,49900,,
14599,POLAR HW NO WIND PRO NEGRO DAMA TALLA S,1713209168374,49900,,
14598,POLAR HW NO WIND PRO SIBERIA POLARIS TALLA M,1671334481636,59900,,
14597,POLAR HW NO WIND PRO NEGRO DAMA TALLA L,1653573097254,49900,,
14596,POLAR HW NO WIND PRO NEGRO VARON TALLA S,1651700609018,49900,,
14595,POLAR HW NO WIND PRO NEGRO VARON TALLA XXL,1608319875625,49900,,
14594,POLAR HW NO WIND PRO NEGRO VARON TALLA XL,1608319864664,49900,,
14593,POLAR HW NO WIND PRO NEGRO VARON TALLA L,1608319858503,49900,,
14592,POLAR HW NO WIND PRO NEGRO VARON TALLA M,1608319851871,49900,,
14525,MICROPOLAR M/LARGA VARON ROJO TALLA 4XL,1754603113947,19900,,
14524,MICROPOLAR M/LARGA VARON HI VIS COD 03269 NARANJO TALLA XXXL,1750087437163,22900,,
14523,MICROPOLAR M/LARGA VARON HI VIS COD 03269 NARANJO TALLA XXL,1750087431925,22900,,
14522,MICROPOLAR M/LARGA VARON HI VIS COD 03269 NARANJO TALLA S,1750087423929,22900,,
14521,MICROPOLAR M/LARGA VARON NEGRO TALLA 4XL,1747692539823,17900,,
14520,MICROPOLAR M/LARGA VARON HI VIS COD 03269 NARANJO TALLA XL,1747328932003,22900,,
14519,MICROPOLAR M/LARGA VARON HI VIS COD 03269 NARANJO TALLA L,1747328927011,22900,,
14518,MICROPOLAR M/LARGA VARON HI VIS COD 03269 NARANJO TALLA M,1747087065013,22900,,
14517,MICROPOLAR M/LARGA VARON AZUL ROYAL TALLA XL,1742821576438,17900,,
14516,MICROPOLAR M/LARGA VARON C/REF COD:03219 ROJO TALLA XXL,1739994185742,18900,,
14515,MICROPOLAR M/LARGA VARON C/REF COD:03219 ROJO TALLA XL,1739994181482,18900,,
14514,MICROPOLAR M/LARGA VARON C/REF COD:03219 ROJO TALLA L,1739994177698,18900,,
14513,MICROPOLAR M/LARGA VARON C/REF COD:03219 ROJO TALLA M,1739994170057,18900,,
14512,MICROPOLAR M/LARGA VARON C/REF COD:03219 ROJO TALLA S,1739994165095,18900,,
14511,MICROPOLAR M/LARGA VARON HI VIS COD 03269 A.FLUOR TALLA 3XL,1712590916366,22900,,
14510,MICROPOLAR M/LARGA VARON HI VIS COD 03269 A.FLUOR TALLA XXL,1712590909109,22900,,
14509,MICROPOLAR M/LARGA VARON HI VIS COD 03269 A.FLUOR TALLA XL,1712590901727,22900,,
14508,MICROPOLAR M/LARGA VARON HI VIS COD 03269 A.FLUOR TALLA L,1712590894267,22900,,
14507,MICROPOLAR M/LARGA VARON HI VIS COD 03269 A.FLUOR TALLA M,1712590887395,22900,,
14506,MICROPOLAR M/LARGA VARON HI VIS COD 03269 A.FLUOR TALLA S,1712590880874,22900,,
14505,MICROPOLAR M/LARGA VARON C/REF COD:03219 NEGRO TALLA L,1712338068926,18900,,
14504,MICROPOLAR M/LARGA VARON C/REF COD:03219 NEGRO TALLA M,1712338060753,18900,,
14503,MICROPOLAR M/LARGA VARON C/REF COD:03219 A.MARINO TALLA 3XL,1712337893562,18900,,
14502,MICROPOLAR M/LARGA VARON AZUL REY TALLA 3XL,1697642423354,19900,,
14501,MICROPOLAR M/LARGA VARON VERDE BOTELLA TALLA XXXL,1692039381375,19900,,
14500,MICROPOLAR M/LARGA VARON C/REF COD:03219 A.MARINO TALLA XXL,1681404453618,18900,,
14499,MICROPOLAR M/LARGA VARON C/REF COD:03219 A.MARINO TALLA XL,1681404447058,18900,,
14498,MICROPOLAR M/LARGA VARON C/REF COD:03219 A.MARINO TALLA L,1681404440546,18900,,
14497,MICROPOLAR M/LARGA VARON C/REF COD:03219 A.MARINO TALLA M,1681404434286,18900,,
14496,MICROPOLAR M/LARGA VARON C/REF COD:03219 A.MARINO TALLA S,1681404427884,18900,,
14495,MICROPOLAR M/LARGA VARON NARANJO TALLA XXL,1663681004529,17900,,
14494,MICROPOLAR M/LARGA VARON NARANJO TALLA XL,1663680999981,17900,,
14493,MICROPOLAR M/LARGA VARON NARANJO TALLA L,1663680995167,17900,,
14492,MICROPOLAR M/LARGA VARON NARANJO TALLA M,1663680990280,17900,,
14491,MICROPOLAR M/LARGA VARON GRIS CLARO TALLA XXL,1651504818067,17900,,
14490,MICROPOLAR M/LARGA VARON GRIS CLARO TALLA XL,1651504813091,17900,,
14489,MICROPOLAR M/LARGA VARON GRIS CLARO TALLA M,1651504808074,17900,,
14488,MICROPOLAR M/LARGA VARON GRIS CLARO TALLA S,1651504803982,17900,,
14487,MICROPOLAR M/LARGA VARON GRIS CLARO TALLA L,1651504419512,17900,,
14486,MICROPOLAR M/LARGA VARON ROJO TALLA 3XL,1639488543620,19900,,
14485,MICROPOLAR M/LARGA VARON NARANJO TALLA S,1634225522689,17900,,
14484,MICROPOLAR M/LARGA VARON AZUL MARINO TALLA 3XL,1619788221776,19900,,
14483,MICROPOLAR M/LARGA VARON AZUL MARINO TALLA XS,1619039924146,17900,,
14482,MICROPOLAR M/LARGA VARON NEGRO TALLA XS,1619035663474,17900,,
14481,MICROPOLAR M/LARGA VARON GRIS TALLA XS,1619035622722,17900,,
14480,MICROPOLAR M/LARGA VARON GRIS TALLA 3XL,1618515351330,19900,,
14479,MICROPOLAR M/LARGA VARON NEGRO TALLA 3XL,1618243565974,19900,,
14478,MICROPOLAR M/LARGA VARON ROJO TALLA XXL,MIMLVROTXXL,17900,,
14477,MICROPOLAR M/LARGA VARON ROJO TALLA XL,MIMLVROTXL,17900,,
14476,MICROPOLAR M/LARGA VARON ROJO TALLA L,MIMLVROTL,17900,,
14475,MICROPOLAR M/LARGA VARON ROJO TALLA M,MIMLVROTM,17900,,
14474,MICROPOLAR M/LARGA VARON ROJO TALLA S,MIMLVROTS,17900,,
14473,MICROPOLAR M/LARGA VARON AZUL REY TALLA XXL,MIMLVARTXXL,17900,,
14472,MICROPOLAR M/LARGA VARON AZUL REY TALLA XL,MIMLVARTXL,17900,,
14471,MICROPOLAR M/LARGA VARON AZUL REY TALLA L,MIMLVARTL,17900,,
14470,MICROPOLAR M/LARGA VARON AZUL REY TALLA M,MIMLVARTM,17900,,
14469,MICROPOLAR M/LARGA VARON AZUL REY TALLA S,MIMLVARTS,17900,,
14468,MICROPOLAR M/LARGA VARON VERDE BOTELLA TALLA XXL,MIMLVVBTXXL,17900,,
14467,MICROPOLAR M/LARGA VARON VERDE BOTELLA TALLA XL,MIMLVVBTXL,17900,,
14466,MICROPOLAR M/LARGA VARON VERDE BOTELLA TALLA L,MIMLVVBTL,17900,,
14465,MICROPOLAR M/LARGA VARON VERDE BOTELLA TALLA M,MIMLVVBTM,17900,,
14464,MICROPOLAR M/LARGA VARON VERDE BOTELLA TALLA S,MIMLVVBTS,17900,,
14463,MICROPOLAR M/LARGA VARON GRIS TALLA XXL,MIMLVGRTXXL,17900,,
14462,MICROPOLAR M/LARGA VARON GRIS TALLA XL,MIMLVGRTXL,17900,,
14461,MICROPOLAR M/LARGA VARON GRIS TALLA L,MIMLVGRTL,17900,,
14460,MICROPOLAR M/LARGA VARON GRIS TALLA M,MIMLVGRTM,17900,,
14459,MICROPOLAR M/LARGA VARON GRIS TALLA S,MIMLVGRTS,17900,,
14458,MICROPOLAR M/LARGA VARON AZUL MARINO TALLA XXL,MIMLVAMTXXL,17900,,
14457,MICROPOLAR M/LARGA VARON AZUL MARINO TALLA XL,MIMLVAMTXL,17900,,
14456,MICROPOLAR M/LARGA VARON AZUL MARINO TALLA L,MIMLVAMTL,17900,,
14455,MICROPOLAR M/LARGA VARON AZUL MARINO TALLA M,MIMLVAMTM,17900,,
14454,MICROPOLAR M/LARGA VARON AZUL MARINO TALLA S,MIMLVAMTS,17900,,
14453,MICROPOLAR M/LARGA VARON NEGRO TALLA XXL,MIMLVNETXXL,17900,,
14452,MICROPOLAR M/LARGA VARON NEGRO TALLA XL,MIMLVNETXL,17900,,
14451,MICROPOLAR M/LARGA VARON NEGRO TALLA L,MIMLVNETL,17900,,
14450,MICROPOLAR M/LARGA VARON NEGRO TALLA M,MIMLVNETM,17900,,
14449,MICROPOLAR M/LARGA VARON NEGRO TALLA S,MIMLVNETS,17900,,
14448,MICROPOLAR M/LARGA DAMA GRIS TALLA XXXL,1747949805287,15900,,
14447,MICROPOLAR M/LARGA DAMA AZUL ROYAL TALLA M,1742821612798,15900,,
14446,MICROPOLAR M/LARGA DAMA AZUL MARINO TALLA XXXL,1721413962080,15900,,
14445,MICROPOLAR M/LARGA DAMA ROJO TALLA XS,1715568769130,15900,,
14444,MICROPOLAR M/LARGA DAMA NEGRO TALLA XXXL,1715371413880,15900,,
14443,MICROPOLAR M/LARGA DAMA NEGRO TALLA XS,1619214085541,15900,,
14442,MICROPOLAR M/LARGA DAMA AZUL MARINO TALLA XS,1619213893950,15900,,
14441,MICROPOLAR M/LARGA DAMA GRIS TALLA XS,1619213735354,15900,,
14440,MICROPOLAR M/LARGA DAMA ROJO TALLA XXL,MIMLDROTXXL,15900,,
14439,MICROPOLAR M/LARGA DAMA ROJO TALLA XL,MIMLDROTXL,15900,,
14438,MICROPOLAR M/LARGA DAMA ROJO TALLA L,MIMLDROTL,15900,,
14437,MICROPOLAR M/LARGA DAMA ROJO TALLA M,MIMLDROTM,15900,,
14436,MICROPOLAR M/LARGA DAMA ROJO TALLA S,MIMLDROTS,15900,,
14435,MICROPOLAR M/LARGA DAMA AZUL REY TALLA XXL,MIMLDARTXXL,15900,,
14434,MICROPOLAR M/LARGA DAMA AZUL REY TALLA XL,MIMLDARTXL,15900,,
14433,MICROPOLAR M/LARGA DAMA AZUL REY TALLA L,MIMLDARTL,15900,,
14432,MICROPOLAR M/LARGA DAMA AZUL REY TALLA M,MIMLDARTM,15900,,
14431,MICROPOLAR M/LARGA DAMA AZUL REY TALLA S,MIMLDARTS,15900,,
14430,MICROPOLAR M/LARGA DAMA VERDE BOTELLA TALLA XXL,MIMLDVBTXXL,15900,,
14429,MICROPOLAR M/LARGA DAMA VERDE BOTELLA TALLA XL,MIMLDVBTXL,15900,,
14428,MICROPOLAR M/LARGA DAMA VERDE BOTELLA TALLA L,MIMLDVBTL,15900,,
14427,MICROPOLAR M/LARGA DAMA VERDE BOTELLA TALLA M,MIMLDVBTM,15900,,
14426,MICROPOLAR M/LARGA DAMA VERDE BOTELLA TALLA S,MIMLDVBTS,15900,,
14425,MICROPOLAR M/LARGA DAMA GRIS TALLA XXL,MIMLDGRTXXL,15900,,
14424,MICROPOLAR M/LARGA DAMA GRIS TALLA XL,MIMLDGRTXL,15900,,
14423,MICROPOLAR M/LARGA DAMA GRIS TALLA L,MIMLDGRTL,15900,,
14422,MICROPOLAR M/LARGA DAMA GRIS TALLA M,MIMLDGRTM,15900,,
14421,MICROPOLAR M/LARGA DAMA GRIS TALLA S,MIMLDGRTS,15900,,
14420,MICROPOLAR M/LARGA DAMA AZUL MARINO TALLA XXL,MIMLDAMTXXL,15900,,
14419,MICROPOLAR M/LARGA DAMA AZUL MARINO TALLA XL,MIMLDAMTXL,15900,,
14418,MICROPOLAR M/LARGA DAMA AZUL MARINO TALLA L,MIMLDAMTL,15900,,
14417,MICROPOLAR M/LARGA DAMA AZUL MARINO TALLA M,MIMLDAMTM,15900,,
14416,MICROPOLAR M/LARGA DAMA AZUL MARINO TALLA S,MIMLDAMTS,15900,,
14415,MICROPOLAR M/LARGA DAMA NEGRO TALLA XXL,MIMLDNETXXL,15900,,
14414,MICROPOLAR M/LARGA DAMA NEGRO TALLA XL,MIMLDNETXL,15900,,
14413,MICROPOLAR M/LARGA DAMA NEGRO TALLA L,MIMLDNETL,15900,,
14412,MICROPOLAR M/LARGA DAMA NEGRO TALLA M,MIMLDNETM,15900,,
14411,MICROPOLAR M/LARGA DAMA NEGRO TALLA S,MIMLDNETS,15900,,
14410,MICROPOLAR MICROPOLAR LEMAN (COD:1301) VARON GRIS TALLA XL,76516776226932,41000,,
14409,MICROPOLAR MICROPOLAR LEGEND DAMA LIGHT DARK NEGRO TALLA XXL,76516764481458,26900,,
14408,MICROPOLAR M/LARGA OUTWORK COD:03259 NEGRO TALLA L,76011982634378,35900,,
14407,MICROPOLAR M/LARGA OUTWORK COD:03259 NEGRO TALLA M,76011981762417,35900,,
14406,MICROPOLAR BOLSENA (COD:1304) VARON AZUL TALLA M,75742950124013,44900,,
14405,MICROPOLAR BOLSENA (COD:1304) VARON VERDE TALLA M,75733341827185,44900,,
14404,MICROPOLAR BOLSENA (COD:1303) DAMA VERDE TALLA S,75613849235788,34900,,
14403,MICROPOLAR BOLSENA (COD:1304) VARON VERDE TALLA S,75613514480276,44900,,
14402,MICROPOLAR BOLSENA (COD:1303) DAMA NEGRO TALLA S,75613464344205,34900,,
14401,MICROPOLAR STONE VARON AZUL MARINO IZMOT COD 161000 TALLA M,1755185053193,27900,,
14400,MICROPOLAR STONE VARON AZUL MARINO IZMOT COD 161000 TALLA L,1755092485271,27900,,
14399,MICROPOLAR BOLSENA (COD:1303) DAMA VERDE TALLA M,1754679306021,34900,,
14398,MICROPOLAR BOLSENA (COD:1304) VARON AZUL REY TALLA XL,1751058310365,44900,,
14397,MICROPOLAR LEMAN (COD:1301) DAMA GRIS TALLA M,1749241939059,41000,,
14396,MICROPOLAR BOLSENA (COD:1304) VARON AZUL REY TALLA L,1749066451466,44900,,
14395,MICROPOLAR BOLSENA (COD:1304) VARON VERDE TALLA XXL,1749066433128,44900,,
14394,MICROPOLAR BOLSENA (COD:1304) VARON VERDE TALLA L,1749066425111,44900,,
14393,MICROPOLAR BOLSENA (COD:1304) VARON AZUL REY TALLA XXL,1749066408760,44900,,
14392,MICROPOLAR LEMAN (COD:1302) VARON GRIS TALLA M,1748444472891,41000,,
14391,MICROPOLAR LEMAN (COD:1301) DAMA GRIS TALLA XXL,1748444440144,41000,,
14390,MICROPOLAR LEMAN (COD:1301) DAMA NEGRO TALLA XXL,1748028825694,41000,,
14389,MICROPOLAR LEMAN (COD:1301) DAMA AZUL TALLA M,1747770191420,41000,,
14388,MICROPOLAR COD:03199 HI VIS CLASE 2 BICOLOR AMARILLO/GRIS TALLA XXXL,1747410543753,25900,,
14387,MICROPOLAR LEMAN (COD:1301) DAMA AZUL TALLA L,1747347030378,41000,,
14386,MICROPOLAR LEMAN (COD:1302) VARON AZUL TALLA M,1747347009860,42900,,
14385,MICROPOLAR COD:03199 HI VIS CLASE 2 BICOLOR AMARILLO/GRIS TALLA XXL,1747145301392,24900,,
14384,MICROPOLAR COD:03199 HI VIS CLASE 2 BICOLOR AMARILLO/GRIS TALLA XL,1747145294449,24900,,
14383,MICROPOLAR COD:03199 HI VIS CLASE 2 BICOLOR AMARILLO/GRIS TALLA L,1747145287550,24900,,
14382,MICROPOLAR COD:03199 HI VIS CLASE 2 BICOLOR AMARILLO/GRIS TALLA M,1747145279602,24900,,
14381,MICROPOLAR COD:03199 HI VIS CLASE 2 BICOLOR AMARILLO/GRIS TALLA S,1747145272382,24900,,
14380,MICROPOLAR LEMAN (COD:1302) VARON AZUL TALLA XL,1743626806171,42900,,
14379,MICROPOLAR LEMAN (COD:1302) VARON GRIS TALLA L,1743626795778,42900,,
14378,MICROPOLAR LEMAN (COD:1302) VARON NEGRO TALLA M,1743626780426,42900,,
14377,MICROPOLAR LEMAN (COD:1302) VARON AZUL TALLA S,1743626766534,42900,,
14376,MICROPOLAR BOLSENA (COD:1304) VARON VERDE TALLA XL,1743626632731,44900,,
14375,MICROPOLAR BOLSENA (COD:1304) VARON AZUL TALLA L,1743626613091,44900,,
14374,MICROPOLAR BOLSENA (COD:1304) VARON NEGRO TALLA M,1743626548890,44900,,
14373,MICROPOLAR BOLSENA (COD:1304) VARON AZUL TALLA S,1743626524530,44900,,
14372,MICROPOLAR BOLSENA (COD:1303) DAMA VERDE TALLA XL,1743626319829,34900,,
14371,MICROPOLAR BOLSENA (COD:1303) DAMA VERDE TALLA L,1743626305892,34900,,
14370,MICROPOLAR BOLSENA (COD:1303) DAMA NEGRO TALLA M,1743626272202,34900,,
14369,MICROPOLAR BOLSENA (COD:1303) DAMA AZUL TALLA S,1743626255027,34900,,
14368,MICROPOLAR LEMAN (COD:1301) DAMA AZUL TALLA XL,1743626179683,41000,,
14367,MICROPOLAR LEMAN (COD:1301) DAMA GRIS TALLA L,1743626164522,41000,,
14366,MICROPOLAR LEMAN (COD:1301) DAMA NEGRO TALLA M,1743626149501,41000,,
14365,MICROPOLAR LEMAN (COD:1301) DAMA AZUL TALLA S,1743626131397,41000,,
14364,MICROPOLAR M/LARGA COD 167020 VARON AZUL MARINO TALLA M,1728065370476,16900,,
14363,MICROPOLAR,1727181638715,15900,,
14353,MICROPOLAR LEGEND VARON LIGHT DARK NEGRO TALLA XXL,1621358072506,26900,,
14352,MICROPOLAR LEGEND VARON LIGHT DARK NEGRO TALLA XL,1621358065293,26900,,
14351,MICROPOLAR LEGEND VARON LIGHT DARK NEGRO TALLA L,1621358058297,26900,,
14350,MICROPOLAR LEGEND VARON LIGHT DARK NEGRO TALLA M,1621358016732,26900,,
14349,MICROPOLAR LEGEND VARON LIGHT DARK NEGRO TALLA S,1621358002679,26900,,
14348,MICROPOLAR LEGEND WOMAN LIGHT SENSE NEGRO TALLA XXL,1621357936800,26900,,
14347,MICROPOLAR LEGEND WOMAN LIGHT SENSE NEGRO TALLA XL,1621357918297,26900,,
14346,MICROPOLAR LEGEND WOMAN LIGHT SENSE NEGRO TALLA L,1621357910534,26900,,
14345,MICROPOLAR LEGEND WOMAN LIGHT SENSE NEGRO TALLA M,1621357879516,26900,,
14344,MICROPOLAR LEGEND WOMAN LIGHT SENSE NEGRO TALLA S,1621357852461,26900,,
14343,MICROPOLAR KNITTED JAYSON COD 16803 DAMA 079 AZUL TALLA XL,1608230082389,24900,,
14342,MICROPOLAR KNITTED JAYSON COD 16803 DAMA 079 AZUL TALLA L,1608230075771,24900,,
14341,MICROPOLAR KNITTED JAYSON COD 16803 DAMA 079 AZUL TALLA M,1608230063920,24900,,
14340,MICROPOLAR KNITTED JAYSON COD 16802 VARON 006 GRIS TALLA XL,1608230008399,29900,,
14339,MICROPOLAR KNITTED JAYSON COD 16802 VARON 006 GRIS TALLA L,1608230002853,29900,,
14338,MICROPOLAR KNITTED JAYSON COD 16802 VARON 006 GRIS TALLA M,1608229991186,29900,,
14106,LAMPARA MINERA KL6000 STEELPRO,1715895414909,34900,,
14104,LAMPARA KBEEN V2000 PRO CARGADOR USB / AUTO,1606146228035,29700,,
13736,ACRILICO CLARO TRANSPARENTE MEDIDAS 80 ANCHO X 60 ALTO,1604678299958,84620,,
13683,MICROPOLAR M/LARGA 1/2 CIERRE BICOLOR JAYSON DAMA COD. 16011 GRIS CLARO/GRIS 002 TALLA XS,1604350117794,9490,,
13682,MICROPOLAR M/LARGA 1/2 CIERRE BICOLOR JAYSON DAMA COD. 16011 GRIS/GRIS CLARO 001 TALLA XS,1604350101487,9490,,
13681,MICROPOLAR M/LARGA 1/2 CIERRE BICOLOR JAYSON DAMA COD. 16011 GRIS CLARO/GRIS 002 TALLA XXXL,1604350043714,9490,,
13680,MICROPOLAR M/LARGA 1/2 CIERRE BICOLOR JAYSON DAMA COD. 16011 GRIS CLARO/GRIS 002 TALLA XXL,1604350035209,9490,,
13679,MICROPOLAR M/LARGA 1/2 CIERRE BICOLOR JAYSON DAMA COD. 16011 GRIS CLARO/GRIS 002 TALLA XL,1604350021168,9490,,
13678,MICROPOLAR M/LARGA 1/2 CIERRE BICOLOR JAYSON DAMA COD. 16011 GRIS CLARO/GRIS 002 TALLA L,1604350013470,9490,,
13677,MICROPOLAR M/LARGA 1/2 CIERRE BICOLOR JAYSON DAMA COD. 16011 GRIS CLARO/GRIS 002 TALLA M,1604350008119,9490,,
13676,MICROPOLAR M/LARGA 1/2 CIERRE BICOLOR JAYSON DAMA COD. 16011 GRIS CLARO/GRIS 002 TALLA S,1604350002024,9490,,
13675,MICROPOLAR M/LARGA 1/2 CIERRE BICOLOR JAYSON DAMA COD. 16011 GRIS/GRIS CLARO 001 TALLA XXXL,1604349964772,9490,,
13674,MICROPOLAR M/LARGA 1/2 CIERRE BICOLOR JAYSON DAMA COD. 16011 GRIS/GRIS CLARO 001 TALLA XXL,1604349952290,9490,,
13673,MICROPOLAR M/LARGA 1/2 CIERRE BICOLOR JAYSON DAMA COD. 16011 GRIS/GRIS CLARO 001 TALLA XL,1604349944955,9400,,
13672,MICROPOLAR M/LARGA 1/2 CIERRE BICOLOR JAYSON DAMA COD. 16011 GRIS/GRIS CLARO 001 TALLA L,1604349939026,9490,,
13671,MICROPOLAR M/LARGA 1/2 CIERRE BICOLOR JAYSON DAMA COD. 16011 GRIS/GRIS CLARO 001 TALLA M,1604349069084,9400,,
13670,MICROPOLAR M/LARGA 1/2 CIERRE BICOLOR JAYSON DAMA COD. 16011 GRIS/GRIS CLARO 001 TALLA S,1604349063878,9490,,
13669,MICROPOLAR M/LARGA 1/2 CIERRE BICOLOR JAYSON VARON COD. 16010 GRIS CLARO/GRIS 002 TALLA XXXL,1604347358558,12900,,
13668,MICROPOLAR M/LARGA 1/2 CIERRE BICOLOR JAYSON VARON COD. 16010 GRIS CLARO/GRIS 002 TALLA XXL,1604347349384,12900,,
13667,MICROPOLAR M/LARGA 1/2 CIERRE BICOLOR JAYSON VARON COD. 16010 GRIS CLARO/GRIS 002 TALLA XL,1604347338634,12900,,
13666,MICROPOLAR M/LARGA 1/2 CIERRE BICOLOR JAYSON VARON COD. 16010 GRIS CLARO/GRIS 002 TALLA L,1604347324721,12900,,
13665,MICROPOLAR M/LARGA 1/2 CIERRE BICOLOR JAYSON VARON COD. 16010 GRIS CLARO/GRIS 002 TALLA M,1604347313696,12900,,
13664,MICROPOLAR M/LARGA 1/2 CIERRE BICOLOR JAYSON VARON COD. 16010 GRIS CLARO/GRIS 002 TALLA S,1604347307629,12900,,
13663,MICROPOLAR M/LARGA 1/2 CIERRE BICOLOR JAYSON VARON COD. 16010 GRIS/GRIS CLARO 001 TALLA XXXL,1604347103967,12900,,
13662,MICROPOLAR M/LARGA 1/2 CIERRE BICOLOR JAYSON VARON COD. 16010 GRIS/GRIS CLARO 001 TALLA XXL,1604347097153,12900,,
13661,MICROPOLAR M/LARGA 1/2 CIERRE BICOLOR JAYSON VARON COD. 16010 GRIS/GRIS CLARO 001 TALLA XL,1604347091114,12900,,
13660,MICROPOLAR M/LARGA 1/2 CIERRE BICOLOR JAYSON VARON COD. 16010 GRIS/GRIS CLARO 001 TALLA L,1604347084657,12900,,
13659,MICROPOLAR M/LARGA 1/2 CIERRE BICOLOR JAYSON VARON COD. 16010 GRIS/GRIS CLARO 001 TALLA M,1604347077758,12900,,
13658,MICROPOLAR M/LARGA 1/2 CIERRE BICOLOR JAYSON VARON COD. 16010 GRIS/GRIS CLARO 001 TALLA S,1604347069570,12900,,
13247,TERMOMETRO DIGITAL PARA PARED INFLAROJO,1612544899038,69500,,
13246,TERMOMETRO DIGITAL PARA PARED INFRAROJO C/TRIPODE K3,1611705110336,82900,,
13245,TERMOMETRO DIGITAL PARA PARED INFRAROJO C/DISPENSADOR ALCOHOL K9,1610489974838,76900,,
13209,MICROPOLAR M/LARGA VARON FULLPRO BEIGE TALLA XXL,1698786630407,22900,,
13208,MICROPOLAR M/LARGA VARON FULLPRO BEIGE TALLA XL,1698786626966,22900,,
13207,MICROPOLAR M/LARGA VARON FULLPRO BEIGE TALLA L,1698786622801,22900,,
13206,MICROPOLAR M/LARGA VARON FULLPRO BEIGE TALLA M,1698786619749,22900,,
13205,MICROPOLAR M/LARGA VARON FULLPRO BEIGE TALLA S,1698786616469,22900,,
13204,MICROPOLAR M/LARGA VARON FULLPRO BEIGE TALLA XS,1696516068517,22900,,
13203,MICROPOLAR M/LARGA VARON FULLPRO NEGRO TALLA XL,1599496249931,22900,,
13202,MICROPOLAR M/LARGA VARON FULLPRO NEGRO TALLA L,1599496244527,22900,,
13201,MICROPOLAR M/LARGA VARON FULLPRO NEGRO TALLA M,1599496240235,22900,,
13200,MICROPOLAR M/LARGA VARON FULLPRO GRIS TALLA M,1599496226181,22900,,
13199,MICROPOLAR M/LARGA VARON FULLPRO AZUL REY TALLA M,1599496197103,22900,,
13198,MICROPOLAR M/LARGA VARON FULLPRO AZUL MARINO TALLA L,1599496176491,22900,,
13197,MICROPOLAR M/LARGA VARON FULLPRO AZUL MARINO TALLA S,1599496170214,22900,,
13156,MALETIN,1598640896669,1,,
13155,MICROPOLAR S/MANGAS VARON ROJO TALLA XXL,1598394854372,11900,,
13154,MICROPOLAR S/MANGAS VARON ROJO TALLA XL,1598394846994,11900,,
13153,MICROPOLAR S/MANGAS VARON ROJO TALLA L,1598394842561,11900,,
13152,MICROPOLAR S/MANGAS VARON ROJO TALLA M,1598394838707,11900,,
13151,MICROPOLAR S/MANGAS VARON ROJO TALLA S,1598394831116,11900,,
13150,MICROPOLAR S/MANGAS DAMA ROJO TALLA XXL,1598394692727,8900,,
13149,MICROPOLAR S/MANGAS DAMA ROJO TALLA XL,1598394685691,8900,,
13148,MICROPOLAR S/MANGAS DAMA ROJO TALLA L,1598394680107,8900,,
13147,MICROPOLAR S/MANGAS DAMA ROJO TALLA M,1598394670500,8900,,
13146,MICROPOLAR S/MANGAS DAMA ROJO TALLA S,1598394664145,8900,,
13101,KIT DERRAME DE PETROLEO Y DERIVADOS 30 LTS.,1597244713347,1,,
13099,CAPUCHA TELA OXFORD  BLANCA,1597071150021,3900,,
13006,ANEMOMETRO DIGITAL,1593031787695,1,,
13005,MICROPOLAR HW PUYEHUE VARON GRIS/MELANGE TALLA XL,1593015590456,0.84,,
13004,MICROPOLAR HW PUYEHUE VARON GRIS/MELANGE TALLA L,1593015579821,0.84,,
13003,MICROPOLAR HW PUYEHUE VARON GRIS/MELANGE TALLA M,1593015574770,1,,
13002,MICROPOLAR HW PUYEHUE VARON GRIS/MELANGE TALLA S,1593015568161,1,,
12953,POLAR RALUN HW  NEGRO VARON TALLA XXL,1718310133385,49900,,
12952,POLAR RALUN HW  NEGRO VARON TALLA XL,1718310127560,49900,,
12951,POLAR RALUN HW  VERDE OLIVA DAMA TALLA XXL,1714399886015,49900,,
12950,POLAR RALUN HW  VERDE OLIVA VARON TALLA XL,1711982239437,49900,,
12949,POLAR RALUN HW  VERDE OLIVA VARON TALLA S,1711030426736,49900,,
12948,POLAR RALUN HW  VERDE OLIVA DAMA TALLA XL,1711030387632,49900,,
12947,POLAR RALUN HW  VERDE OLIVA DAMA TALLA S,1710957193926,49900,,
12946,POLAR RALUN HW  VERDE OLIVA DAMA TALLA L,1709125427714,49900,,
12945,POLAR RALUN HW  VERDE OLIVA DAMA TALLA M,1709125419432,49900,,
12944,POLAR RALUN HW  VERDE OLIVA VARON TALLA L,1709125411703,49900,,
12943,POLAR RALUN HW  VERDE OLIVA VARON TALLA M,1709125407350,49900,,
12942,POLAR RALUN HW  VERDE OLIVA VARON TALLA XXL,1689103663192,49900,,
12941,POLAR RALUN HW  NEGRO DAMA TALLA XL,1616427968334,49900,,
12940,POLAR RALUN HW  AZUL MARINO VARON TALLA XXL,1613669226828,49900,,
12939,POLAR RALUN HW  AZUL MARINO VARON TALLA XL,1613669220854,49900,,
12938,POLAR RALUN HW  AZUL MARINO VARON TALLA L,1613669197611,49900,,
12937,POLAR RALUN HW  AZUL MARINO VARON TALLA M,1613669189702,49900,,
12936,POLAR RALUN HW  AZUL MARINO VARON TALLA S,1613669186474,49900,,
12935,POLAR RALUN HW  AZUL MARINO DAMA TALLA XXL,1613669175132,49900,,
12934,POLAR RALUN HW  AZUL MARINO DAMA TALLA XL,1613669170787,49900,,
12933,POLAR RALUN HW  AZUL MARINO DAMA TALLA L,1613669167036,49900,,
12932,POLAR RALUN HW  AZUL MARINO DAMA TALLA M,1613669162492,49900,,
12931,POLAR RALUN HW  AZUL MARINO DAMA TALLA S,1613669159365,49900,,
12930,POLAR RALUN HW  NEGRO VARON TALLA L,1608318112779,49900,,
12929,POLAR RALUN HW  NEGRO VARON TALLA M,1608318106160,49900,,
12928,POLAR RALUN HW  NEGRO VARON TALLA S,1608318059701,49900,,
12927,POLAR RALUN HW  AZUL MARINO DAMA TALLA XS,1599075699949,49900,,
12926,POLAR RALUN HW  NEGRO DAMA TALLA XS,1599075688605,49900,,
12925,POLAR RALUN HW  NEGRO DAMA TALLA L,1591650897607,49900,,
12924,POLAR RALUN HW  NEGRO DAMA TALLA M,1591650893789,49900,,
12923,POLAR RALUN HW  NEGRO DAMA TALLA S,1591650886189,49900,,
12777,CADENA CADENA CONECTOR CONOS 2M ROJO/BLANCO,7809808053576,7700,,
12731,PEDILUVIO,1590693788810,19900,,
12726,MICROPOLAR S/MANGAS DAMA NEGRO TALLA XXL,1590438166362,8900,,
12725,MICROPOLAR S/MANGAS DAMA NEGRO TALLA XL,1590438162444,8900,,
12724,MICROPOLAR S/MANGAS DAMA NEGRO TALLA L,1590438158338,8900,,
12723,MICROPOLAR S/MANGAS DAMA NEGRO TALLA M,1590438155554,8900,,
12722,MICROPOLAR S/MANGAS DAMA NEGRO TALLA S,1590438150739,8900,,
12402,SALDO MICROPOLAR,1589472109758,1,,
12401,FRAZADA 1.5 PLAZA,75753912821312,15990,,
12400,FRAZADA 1 PLAZA,1589409645677,1,,
12399,TEST KIT COVID19 UNID,6936020115018,9900,,
12398,PROV. ENDULZANTE STEVIA,1744322791334,6195,,
12397,PROV. AZUCAR GRANULADA,1588695643313,0.84,,
12396,PROV. GALLETA SURTIDA,1588695624541,0.84,,
12394,PROV. TE ROYAL CEYLON LIPTON,1588695482790,0.84,,
12392,PROV. NESCAFE INSTANTANEO,1588695436110,1,,
12391,PROV.,1588695418499,1,,
12333,TERMOMETRO DIGITAL  INFRAROJO SIN CONTACTO GP-100 PLUS,1616510,49300,,
12332,TERMOMETRO DIGITAL  INFRAROJO SIN CONTACTO DIKANG,1591311090691,19900,,
12331,TERMOMETRO DIGITAL  INFRAROJO SIN CONTACTO HW302  SIMZO,1588081999303,120900,,
12279,KIT DE INMOBILIZACIÓN ADULTO,1587504898464,1,,
12273,MANTENCION Y CERTIFICACION,1585754680264,1,,
12271,HITO DELINEADOR NARANJO CON CINTA 800 MM,1585335247863,16400,,
12270,BOTELLA LAVAOJOS TOBIN 200 ML,76061943206679,21490,,
12269,BOTELLA PET BOCA 80 C/TAPA 1 LITRO,1715628184251,1900,,
12268,BOTELLA LAVAOJOS CON SOPORTE TOBIN,1709923939937,102000,,
12267,BOTELLA 50 CC CON TAPA,1700674260048,990,,
12266,BOTELLA ALUMINIO,1671331191911,0.84,,
12265,BOTELLA 250 CC CON SPRAY,1671331093408,0.84,,
12264,BOTELLA VIDRIO 500 CC C/FUNDA,1663095869110,0.84,,
12262,BOTELLA 75 ML,1636470912238,800,,
12261,BOTELLA RECTANGULAR 500 CC,1599517360644,2490,,
12260,BOTELLA RECTANGULAR 1 LITRO,1599517335957,1990,,
12256,BOTELLA 250 CC CON TAPA,1585320418416,1100,,
12142,HORQUETA DE METAL CON MANGO DE MADERA,1583941419804,1,,
11949,TABLA ESPINAL P/RESCATE,1583501940760,97000,,
11776,ROLLO ELASTICO BLANCO 2 CM 100 MTS,1671333757377,0.84,,
11775,ROLLO VELCRO 20MM VERDE BOTELLA 25 MTS,1656455696008,0.84,,
11774,ROLLO VELCRO 25MM VERDE BOTELLA 20 MTS,1640043319470,0.84,,
11772,ROLLO VELCRO 20MM AZUL REY 25 MTS,1618522028685,0.84,,
11771,ROLLO VELCRO 20MM NEGRO 25 MTS,1618419303420,0.84,,
11770,ROLLO ELASTICO 5MM BLANCO 100 METROS,1618408821554,0.84,,
11769,ROLLO VELCRO 25MM BLANCO 25 MTS,1618408297084,0.84,,
11768,ROLLO VELCRO 20MM BLANCO 25 MTS,1618408273897,0.84,,
11767,ROLLO VELCRO 20MM ROJO 25 MTS,1618408254958,0.84,,
11766,ROLLO VELCRO 50MM BLANCO 25 MTS,1618408233936,0.84,,
11765,ROLLO VELCRO 50MM NEGRO 25 MTS,1618408223093,0.84,,
11764,ROLLO VELCRO 20MM AZUL MARINO 25 MTS,1618408188368,0.84,,
11763,ROLLO VELCRO 25MM VERDE BOTELLA 25 MTS,1618408163897,0.84,,
11762,ROLLO VELCRO 25MM NEGRO 25 MTS,1618408148209,0.84,,
11761,ROLLO VELCRO 20MM GRIS 25 MTS,1618408129159,0.84,,
11759,ROLLO ELASTICO BLANCO 9MM 10 MTS,1618407909835,0.84,,
11758,ROLLO ELASTICO NEGRO 9MM 100 MTS,1618407876781,0.84,,
11757,ROLLO ELASTICO BLANCO 9MM 100 MTS,1618407854803,0.84,,
11755,"ROLLO CINTA GRIS 2""",1618407750440,0.84,,
11754,"ROLLO CINTA GRIS 1""",1618407744110,0.84,,
11753,ROLLO CINTA DIA Y NOCHE 50 MTS,1581603588314,1,,
11751,POVIDONA YODADA,1580413429897,1,,
11729,LAMPARA SOLAR LED P/CONOS Y TAMBORES,1580234625715,18900,,
11699,REPUESTO MASCARA DE SOLDAR VIDRIO RECTANGULAR OSCURO N°10,1741865896343,690,,
11698,REPUESTO MASCARA DE SOLDAR VIDRIO RECTANGULAR OSCURO N°13,1741865882263,690,,
11696,REPUESTO MASCARA DE SOLDAR VIDRIO RECTANGULAR TRANSPARENTE,1655999640073,290,,
11695,REPUESTO MASCARA DE SOLDAR VIDRIO RECTANGULAR OSCURO N°11,7809808041603,290,,
11694,REPUESTO MASCARA DE SOLDAR VIDRIO RECTANGULAR OSCURO N°12,1579630314367,290,,
11691,MANGUILLA TUBULAR ANTICORTE,1579208520062,1,,
11670,PROTECTOR SOLAR UVX 50+ PREMIUM 120 G,1578661459218,4900,,
11669,PROTECTOR SOLAR UVX 50+ PREMIUM 1 LITRO,1577377711277,12900,,
11648,HILO SEDA  BEIGE,1737482991724,3000,,
11647,HILO SEDA  AMARILLO ORO COD 140,1732883521637,3000,,
11646,HILO SEDA  BURDEO COD121,1732883483846,3000,,
11645,HILO SEDA  FUCSIA,1664811627534,3000,,
11644,HILO SEDA  GRIS OSCURO COD.338,1618426323309,3000,,
11643,HILO SEDA  AMARILLO FLUOR,1608517491375,3000,,
11642,HILO SEDA  NEGRO,1608517451087,3000,,
11641,HILO SEDA  AZUL REY,1608517443749,3000,,
11640,HILO SEDA  VERDE MUZGO,1608517435674,3000,,
11639,HILO SEDA  AZUL MARINO,1608517419242,3000,,
11638,HILO SEDA  VERDE COD.225,1576703625897,3000,,
11637,HILO SEDA  ROJO COD.112,1576703585324,3000,,
11636,HILO SEDA  AZUL COD.296,1576703583519,3000,,
11635,HILO SEDA  GRIS COD.348,1576703549837,3000,,
11634,HILO SEDA  BLANCO,1576703533943,3000,,
11633,HILO SEDA  NARANJO COD. 145,1576703514133,3000,,
11632,HILO SEDA  CELESTE COD. 281,1576703483900,3000,,
11631,HILO COSER VERDE BOTELLA 40/2 2000 YDS,1687450525867,650,,
11630,HILO COSER AMARILLO,1671333446382,1700,,
11629,HILO COSER VERDE COD.490,1671333443331,1700,,
11628,HILO COSER FUCSIA,1664811612661,1700,,
11627,HILO COSER ROJO COD.3412,1618436959144,1700,,
11626,HILO COSER VERDE COD.215,1618407353220,1700,,
11625,HILO COSER BEIGE COD.78,1608517330257,1700,,
11624,HILO COSER GRIS COD.365,1608517271292,1700,,
11623,HILO COSER VERDE COD.421,1608517245010,1700,,
11622,HILO COSER VERDE COD.309,1576703243196,1700,,
11621,HILO COSER BEIGE COD. 428,1576703229189,1700,,
11620,HILO COSER BEIGE COD.476,1576703212457,1700,,
11619,HILO COSER VERDE COD.225,1576703197495,1700,,
11618,HILO COSER AZUL REY COD.296,1576703166587,1700,,
11617,HILO COSER AZUL MARINO COD.322,1576703088018,1990,,
11616,HILO COSER ROJO COD. 112,1576703038190,1700,,
11615,HILO COSER ROJO COD.114,1576703013950,1700,,
11614,HILO COSER BURDEO COD.125,1576702990684,1700,,
11613,HILO COSER NARANJO COD. 140,1576702973789,1700,,
11612,HILO COSER GRIS MEDIO COD. 338,1576702955438,1700,,
11611,HILO COSER GRIS COD. 348,1576702526007,1700,,
11610,HILO COSER NEGRO COD. 325,1576702503823,1700,,
11609,HILO COSER CELESTE COD. 281,1576702338196,1700,,
11608,HILO COSER BLANCO COD. 301,1576702320001,1700,,
11607,HILO COSER NARANJO COD. 145,1576702297773,1700,,
11606,HILO COSER NARANJO FLUOR,1576702257784,1700,,
11605,HILO COSER AMARILLO FLUOR COD.8,1576702230885,1700,,
11586,POSTE OEMGA 3 METROS,1576503473219,1,,
11548,DISCO PARE 60 x 60,1576078678736,1,,
11498,MSA ADVANTAGE GMC-P100 81536,1575655696889,1,,
11388,INMOVILIZADOR DE CABEZA,1671120434941,0.84,,
11387,INMOVILIZADOR LATERAL,1574775053658,1,,
11197,SECADOR DE MANOS MODELO GALAXY,1573827766651,199900,,
11165,TELA POPLIN 65-35 POLY/ALG,1572872058810,1,,
11152,KIT FILTRO 6001 3M,1572451879046,1,,
11132,TOALLA MICROFIBRA GRIS,1746559509318,11900,,
11131,TOALLA 460 GRAMOS AZUL MARINO 70 X 140,1738345929420,0.84,,
11130,TOALLA 500 GRAMOS BLANCA 70 X 140,1695743209004,16900,,
11129,TOALLA 400 GRAMOS BLANCA 70 X 140,1695743199577,13900,,
11128,TOALLA MANOS 50X90 BLANCA,1572299484406,1,,
11127,TOALLA FACIAL 30X50 BLANCA,1572299461986,2900,,
10992,PATO PURIFIC LIQUIDO 250 ML (HARPIC),1636586401470,3570,,
10991,PATO PURIFIC LIQUIDO 750ML (HARPIC),1570635329764,3990,,
10990,PATO PURIFIC LIQUIDO,1570627417592,1,,
10986,BOLSA GENERO P/ ROPA,1570048405146,2900,,
10876,REPUESTO DESODORANTE AMBIENTAL  3 PACK,1569865884831,1,,
10867,ALARMA SUEÑO,1569344803317,4500,,
10845,CUBRE CABEZA DESECHABLE (BOLSA 100 UN),1658181416616,0.84,,
10844,CUBRE BARBA DESECHABLE (BOLSA 100 UN),1568735743702,19900,,
10715,MICROPOLAR F.ARCAM BICOLOR NEGRO/AMARILLO VARON M/LARGA TALLA S,75579041575368,22900,,
10714,MICROPOLAR F.ARCAM BICOLOR AZUL MARINO/VERDE CATA VARON M/LARGA TALLA XL,75579038653466,22900,,
10713,MICROPOLAR F.ARCAM BICOLOR AZUL MARINO/VERDE CATA VARON M/LARGA TALLA L,75579037739540,22900,,
10712,MICROPOLAR F.ARCAM BICOLOR AZUL MARINO/VERDE CATA VARON M/LARGA TALLA M,75579036493216,22900,,
10711,MICROPOLAR F.ARCAM BICOLOR NEGRO/AMARILLO DAMA M/LARGA TALLA L,75579031848827,21900,,
10710,MICROPOLAR F.ARCAM BICOLOR NEGRO/AMARILLO DAMA M/LARGA TALLA XL,75579031059740,21900,,
10709,MICROPOLAR F.ARCAM BICOLOR AZUL M/VERDE CATA DAMA M/LARGA TALLA L,75579027478965,21900,,
10708,MICROPOLAR F.ARCAM BICOLOR AZUL M/VERDE CATA DAMA M/LARGA TALLA M,75579026477089,21900,,
10707,MICROPOLAR F.ARCAM BICOLOR AZUL M/VERDE CATA DAMA M/LARGA TALLA S,75579025682703,21900,,
10706,MICROPOLAR F.ARCAM BICOLOR AZUL M/VERDE CATA DAMA M/LARGA TALLA XL,75579024648711,21900,,
10705,MICROPOLAR F.ARCAM BICOLOR AZUL M/NARANJO DAMA M/LARGA TALLA XXXL,75579013920403,21900,,
10704,MICROPOLAR F.ARCAM BICOLOR AZUL M/NARANJO DAMA M/LARGA TALLA XXL,1723498703114,21900,,
10703,MICROPOLAR F.ARCAM BICOLOR AZUL M/NARANJO DAMA M/LARGA TALLA XL,1723498694883,21900,,
10702,MICROPOLAR F.ARCAM BICOLOR AZUL M/NARANJO DAMA M/LARGA TALLA L,1723498689847,21900,,
10701,MICROPOLAR F.ARCAM BICOLOR AZUL M/NARANJO DAMA M/LARGA TALLA M,1723498685351,21900,,
10700,MICROPOLAR F.ARCAM BICOLOR AZUL M/AMARILLO DAMA M/LARGA TALLA XXL,1723498655511,0.84,,
10699,MICROPOLAR F.ARCAM BICOLOR AZUL M/AMARILLO DAMA M/LARGA TALLA XL,1723498645115,0.84,,
10698,MICROPOLAR F.ARCAM BICOLOR AZUL M/AMARILLO DAMA M/LARGA TALLA L,1723498638174,0.84,,
10697,MICROPOLAR F.ARCAM BICOLOR AZUL M/AMARILLO DAMA M/LARGA TALLA M,1723498631686,0.84,,
10696,MICROPOLAR F.ARCAM BICOLOR NEGRO/AMARILLO VARON M/LARGA TALLA XXL,1723498545028,22900,,
10695,MICROPOLAR F.ARCAM BICOLOR NEGRO/AMARILLO VARON M/LARGA TALLA XL,1723498536867,22900,,
10694,MICROPOLAR F.ARCAM BICOLOR NEGRO/AMARILLO VARON M/LARGA TALLA L,1723498529001,22900,,
10693,MICROPOLAR F.ARCAM BICOLOR NEGRO/AMARILLO VARON M/LARGA TALLA M,1723498491322,22900,,
10692,MICROPOLAR F.ARCAM BICOLOR AZUL MARINO/NARANJO VARON M/LARGA TALLA XXXL,1723498346655,0.84,,
10691,MICROPOLAR F.ARCAM BICOLOR AZUL MARINO/NARANJO VARON M/LARGA TALLA XXL,1723498337760,0.84,,
10690,MICROPOLAR F.ARCAM BICOLOR AZUL MARINO/NARANJO VARON M/LARGA TALLA XL,1723498332244,0.84,,
10689,MICROPOLAR F.ARCAM BICOLOR AZUL MARINO/NARANJO VARON M/LARGA TALLA L,1723498327128,0.84,,
10688,MICROPOLAR F.ARCAM BICOLOR AZUL MARINO/NARANJO VARON M/LARGA TALLA M,1723498322347,0.84,,
10687,MICROPOLAR F.ARCAM BICOLOR AZUL MARINO/NARANJO VARON M/LARGA TALLA S,1723498315131,0.84,,
10686,MICROPOLAR F.ARCAM BICOLOR AZUL MARINO/AMARILLO VARON M/LARGA TALLA XXXL,1723498280770,0.84,,
10685,MICROPOLAR F.ARCAM BICOLOR AZUL MARINO/AMARILLO VARON M/LARGA TALLA XXL,1723498270397,0.84,,
10684,MICROPOLAR F.ARCAM BICOLOR AZUL MARINO/AMARILLO VARON M/LARGA TALLA XL,1723498263272,0.84,,
10683,MICROPOLAR F.ARCAM BICOLOR AZUL MARINO/AMARILLO VARON M/LARGA TALLA L,1723498257504,0.84,,
10682,MICROPOLAR F.ARCAM BICOLOR AZUL MARINO/AMARILLO VARON M/LARGA TALLA M,1723498245218,0.84,,
10681,MICROPOLAR F.ARCAM BICOLOR AZUL MARINO/AMARILLO VARON M/LARGA TALLA S,1723498229060,0.84,,
10680,MICROPOLAR F.ARCAM SIN MANGAS AZUL MARINO TALLA 3XL,1660943743311,17700,,
10679,MICROPOLAR F.ARCAM S/MANGAS BICOLOR,1629120007908,0.84,,
10678,MICROPOLAR F.ARCAM BICOLOR,1629119616134,14900,,
10677,MICROPOLAR F.ARCAM,1621949367051,19000,,
10676,MICROPOLAR F.ARCAM 1/2 CIERRE GRIS TALLA XXL,1617139377294,14900,,
10675,MICROPOLAR F.ARCAM 1/2 CIERRE GRIS TALLA XL,1617139371335,14900,,
10674,MICROPOLAR F.ARCAM 1/2 CIERRE GRIS TALLA L,1617139365620,14900,,
10673,MICROPOLAR F.ARCAM 1/2 CIERRE GRIS TALLA M,1617139360170,14900,,
10672,MICROPOLAR F.ARCAM 1/2 CIERRE GRIS TALLA S,1617139353696,14900,,
10671,MICROPOLAR F.ARCAM AZUL MARINO VARON TALLA XXXL,1598914949595,19000,,
10670,MICROPOLAR F.ARCAM  NEGRO VARON TALLA ESPECIAL,1567089651031,19000,,
10669,MICROPOLAR F.ARCAM  NEGRO DAMA TALLA XXL,1567089618858,19000,,
10668,MICROPOLAR F.ARCAM  NEGRO DAMA TALLA L,1567089609882,19000,,
10667,MICROPOLAR F.ARCAM  NEGRO DAMA TALLA XL,1567086410136,19000,,
10666,MICROPOLAR F.ARCAM  NEGRO DAMA TALLA M,1567086400351,19000,,
10479,ROLLO CINTA ANTIDESLIZANTE  AMARILLO/NEGRO 50MM X 15 MTS TESA,1753113543676,26900,,
10478,ROLLO CINTA ANTIDESLIZANTE  NEGRO FOTOLUMINISCENTE 50MM X 5 MTS TESA,1753113232986,16990,,
10477,ROLLO CINTA ANTIDESLIZANTE  25MM X 5MTS NEGRO COD 642011,1721317331902,7990,,
10476,ROLLO CINTA ANTIDESLIZANTE  NEGRA 50MM 10 METROS RAYUN,6944720449951,8900,,
10475,ROLLO CINTA ANTIDESLIZANTE  NEGRA 25MM 10 METROS RAYUN,6944710449848,5900,,
10474,ROLLO CINTA ANTIDESLIZANTE  AMARILLO / NEGRO 50MM X 5 MTS TESA,7808768200877,13900,,
10473,ROLLO CINTA ANTIDESLIZANTE  NEGRA 50 MM X 18 MTS BILDEN,1588706693534,42900,,
10472,ROLLO CINTA ANTIDESLIZANTE  AMARILLO / NEGRO 50MM X 18 MTS,1579807453208,42800,,
10471,ROLLO CINTA ANTIDESLIZANTE  AMARILLO / NEGRO 25MM,1565735122522,21000,,
10352,BARRA EXTENSIBLE CONO AMARILLO/NEGRO,1722978219355,5260,,
10351,BARRA TIPO II,1614006482560,0.84,,
10350,BARRA EXTENSIBLE CONO ROJO/BLANCO,1564667572053,14900,,
10344,ATRAPA POLVO BIDÓN 5 LITROS,1564087799137,1,,
10312,JARRO PLASTICO 2 LITROS C/TAPA,1702668903159,1490,,
10311,JARRO GRADUADO 1.4 LT PLASTICO,1563484418028,3350,,
10310,ESCOBILLA  PLASTICA DE MANO CON MANGO AILEDA,6933365193763,1890,,
10309,ESCOBILLA  DE UÑAS,1737138304291,2990,,
10308,ESCOBILLA  ERGONOMICA MULTIUSOS SIMPLE AILEDA,6933365193756,1550,,
10307,ESCOBILLA  PARA LOZA CON MANGO ( REPUESTO METALICA) AILEDA,6902023062154,1890,,
10306,ESCOBILLA  PARA LOZA DOBLE C/MANGO AILEDA,1726502672445,1890,,
10305,ESCOBILLA  LAVADO VIRUTEX,1712583168115,5900,,
10304,ESCOBILLA  FIBRA MEDIA,1563568048706,3430,,
10303,ESCOBILLA  HISOPO,1563484091294,1,,
10302,ESCOBILLA  MANGO LARGO,1563483968021,3430,,
10301,GATILLO PLÁSTICO CON ENVASE,1563483303697,1,,
10300,PISETA  DE LABORATORIO 500 ML,1563483100383,4500,,
10203,CORTINA POLIESTER SARDINE HANGLESS 62914,1720023526589,16350,,
10202,CORTINA POLIESTER TAXI HANGLESS 62998,1720022674340,16350,,
10201,CORTINA POLIESTER SAUNA HANGLESS 62908,1720021123171,16350,,
10200,CORTINA POLIESTER BIKE HANGLESS 62997,1720021085333,16350,,
10199,CORTINA POLIESTER CAT BLUE HANGLESS 62948,1720020225366,16350,,
10198,"CORTINA INACTINICAS 1,8 X 2,4 MTS",1697645023949,65900,,
10197,CORTINA 78 CM ANCHO X 160 CM ALTO,1562594478659,0.84,,
10196,CORTINA 90 CM ANCHO X 160 CM ALTO,1562594402959,0.84,,
10195,CORTINA 97 CM ANCHO X 160 CM ALTO,1562594394047,1,,
10194,CORTINA 70 CM ANCHO X 160 CM ALTO,1562594344013,1,,
10177,MANDIL CORTO  GABARDINA BLANCO,1599850896593,8500,,
10176,MANDIL CORTO  GABARDINA NEGRO,1562193190325,8500,,
10175,MANDIL CORTO  CUADRICULA NEGRO/BLANCO,1562193150869,8200,,
9646,LINTERNA  FRONTAL RECARGABLE SUPERSONIC,1697032960982,18900,,
9645,LINTERNA  LINTERNA ELECTRICA UYUS 1W,6931598211650,9890,,
9644,LINTERNA  RECARGABLE STEELPRO SENSOR- X,1615392450563,17500,,
9550,POLAR PETROHUE  DAMA AZUL TALLA XXL,1722268833762,42000,,
9549,POLAR PETROHUE  DAMA NEGRO TALLA XS,1717621183706,42000,,
9548,POLAR PETROHUE  VARON AZUL TALLA 3XL,1713901535949,42000,,
9547,POLAR PETROHUE  VARON NEGRO TALLA S,1663102797784,0.84,,
9546,POLAR PETROHUE  DAMA UVA TALLA XL,1650559339764,42000,,
9545,POLAR PETROHUE  DAMA UVA TALLA L,1650559334172,42000,,
9544,POLAR PETROHUE  DAMA UVA TALLA M,1650559330162,42000,,
9543,POLAR PETROHUE  DAMA UVA TALLA S,1650559326362,42000,,
9542,POLAR PETROHUE  DAMA AZUL TALLA XL,1650559271898,42000,,
9541,POLAR PETROHUE  DAMA AZUL TALLA L,1650559267269,42000,,
9540,POLAR PETROHUE  DAMA AZUL TALLA M,1650559263512,42000,,
9539,POLAR PETROHUE  DAMA AZUL TALLA S,1650559258439,42000,,
9538,POLAR PETROHUE  DAMA NEGRO TALLA XL,1650559233802,42000,,
9537,POLAR PETROHUE  VARON DARK ORANGE TALLA XXL,1650559182744,42000,,
9536,POLAR PETROHUE  VARON DARK ORANGE TALLA XL,1650559174914,42000,,
9535,POLAR PETROHUE  VARON DARK ORANGE TALLA L,1650559170240,42000,,
9534,POLAR PETROHUE  VARON DARK ORANGE TALLA M,1650559166328,42000,,
9533,POLAR PETROHUE  VARON DARK ORANGE TALLA S,1650559162242,42000,,
9532,POLAR PETROHUE  VARON AZUL TALLA XXL,1650559140916,42000,,
9531,POLAR PETROHUE  VARON AZUL TALLA XL,1650559135387,42000,,
9530,POLAR PETROHUE  VARON AZUL TALLA L,1650559130629,42000,,
9529,POLAR PETROHUE  VARON AZUL TALLA M,1650559126640,42000,,
9528,POLAR PETROHUE  VARON AZUL TALLA S,1650559122296,42000,,
9527,POLAR PETROHUE  VARON NEGRO TALLA XXL,1650559107805,42000,,
9526,POLAR PETROHUE  DAMA NEGRO TALLA L,1591223854004,42000,,
9525,POLAR PETROHUE  VARON NEGRO TALLA XL,1587572151480,42000,,
9524,POLAR PETROHUE  DAMA NEGRO TALLA M,1557441534393,42000,,
9523,POLAR PETROHUE  DAMA NEGRO TALLA S,1557441520131,42000,,
9522,POLAR PETROHUE  VARON NEGRO TALLA L,1557441493980,42000,,
9521,POLAR PETROHUE  VARON NEGRO TALLA M,1557441479572,42000,,
9438,GORRA NEGRA,1557154381929,1,,
9375,TERMO HERVIDOR VENTUS 10 LTS,1556558506852,65900,,
9132,MICROPOLAR EXPEDITION AZUL VARON TALLA XXXL,1733162960179,36900,,
9131,MICROPOLAR EXPEDITION AZUL DAMA TALLA XXL,1616598936767,35900,,
9130,MICROPOLAR EXPEDITION GRIS CLARO DAMA TALLA XXL,1593205410129,35900,,
9129,MICROPOLAR EXPEDITION GRIS CLARO DAMA TALLA XL,1593205406050,35900,,
9128,MICROPOLAR EXPEDITION GRIS CLARO DAMA TALLA L,1593205402090,35900,,
9127,MICROPOLAR EXPEDITION GRIS CLARO DAMA TALLA M,1593205398010,35900,,
9126,MICROPOLAR EXPEDITION GRIS CLARO DAMA TALLA S,1593205393746,35900,,
9125,MICROPOLAR EXPEDITION GRIS CLARO VARON TALLA XXL,1593205372230,36900,,
9124,MICROPOLAR EXPEDITION GRIS CLARO VARON TALLA XL,1593205367244,36900,,
9123,MICROPOLAR EXPEDITION GRIS CLARO VARON TALLA L,1593205362294,36900,,
9122,MICROPOLAR EXPEDITION GRIS CLARO VARON TALLA M,1593205357992,36900,,
9121,MICROPOLAR EXPEDITION GRIS CLARO VARON TALLA S,1593205353655,36900,,
9120,MICROPOLAR EXPEDITION AZUL DAMA TALLA XL,1586981598312,35900,,
9119,MICROPOLAR EXPEDITION AZUL DAMA TALLA L,1559769212252,35900,,
9118,MICROPOLAR EXPEDITION AZUL DAMA TALLA M,1559769208738,35900,,
9117,MICROPOLAR EXPEDITION AZUL DAMA TALLA S,1559168729660,35900,,
9116,MICROPOLAR EXPEDITION AZUL VARON TALLA XXL,1559168715775,36900,,
9115,MICROPOLAR EXPEDITION AZUL VARON TALLA XL,1559168704556,36900,,
9114,MICROPOLAR EXPEDITION AZUL VARON TALLA L,1559168695498,36900,,
9113,MICROPOLAR EXPEDITION AZUL VARON TALLA M,1555348050073,36900,,
9112,MICROPOLAR EXPEDITION AZUL VARON TALLA S,1555348045839,36900,,
9094,RETRACTIL CABLE GALV 6MT PROTECTA,1554998982712,1,,
9081,DESODORANTE AMBIENTAL AROM,7805040000576,2500,,
8993,ROLLO CINTA DEMARCATORIA AMARILLO/NEGRO ROLLO CINTA AMARILLA/NEGRA 50MM X 33 MTS,1633383924812,0.84,,
8983,PACK CINTA RELOJ,1553520958531,1,,
8941,MICROPOLAR THERMAL VARÓN COD:62 AZUL MARINO T/XXXL,1731702245279,34500,,
8940,MICROPOLAR THERMAL VARÓN COD:62 VERDE OLIVO T/XXXL,1718309933039,34500,,
8939,MICROPOLAR THERMAL VARÓN COD:62 NEGRO TALLA XXXL,1716935702989,0.84,,
8938,MICROPOLAR THERMAL VARÓN COD:62 GRIS ACERO TALLA XXXL,1716481675471,35900,,
8937,MICROPOLAR THERMAL VARÓN COD:62 NEGRO TALLA XXL,1649690408817,34500,,
8936,MICROPOLAR THERMAL VARÓN COD:62 NEGRO TALLA XL,1649690400233,34500,,
8935,MICROPOLAR THERMAL VARÓN COD:62 NEGRO TALLA L,1649690392976,34500,,
8934,MICROPOLAR THERMAL VARÓN COD:62 NEGRO TALLA M,1649690384132,34500,,
8933,MICROPOLAR THERMAL VARÓN COD:62 NEGRO TALLA S,1649690377963,34500,,
8932,MICROPOLAR THERMAL VARÓN COD:62 GRIS ACERO TALLA XXL,1590154501492,34500,,
8931,MICROPOLAR THERMAL VARÓN COD:62 GRIS ACERO TALLA XL,1590154494545,34500,,
8930,MICROPOLAR THERMAL VARÓN COD:62 GRIS ACERO TALLA L,1590154485074,34500,,
8929,MICROPOLAR THERMAL VARÓN COD:62 GRIS ACERO TALLA M,1590154480410,34500,,
8928,MICROPOLAR THERMAL VARÓN COD:62 GRIS ACERO TALLA S,1590154475278,34500,,
8927,MICROPOLAR THERMAL VARÓN COD:62 GRIS CLARO TALLA S,1560541535287,34500,,
8926,MICROPOLAR THERMAL VARÓN COD:62 GRIS CLARO TALLA XXL,1559146735990,34500,,
8925,MICROPOLAR THERMAL VARÓN COD:62 VERDE OLIVO T/S,1558112119460,34500,,
8924,MICROPOLAR THERMAL VARÓN COD:62 GRIS CLARO TALLA XL,1554411469877,34500,,
8923,MICROPOLAR THERMAL VARÓN COD:62 GRIS CLARO TALLA M,1554411458049,34500,,
8922,MICROPOLAR THERMAL VARÓN COD:62 GRIS CLARO TALLA L,1553293255769,34500,,
8921,MICROPOLAR THERMAL VARÓN COD:62 VERDE OLIVO T/M,1553293187535,34500,,
8920,MICROPOLAR THERMAL VARÓN COD:62 AZUL MARINO T/XL,1553293146007,34500,,
8919,MICROPOLAR THERMAL VARÓN COD:62 AZUL MARINO T/XXL,1553293099756,34500,,
8918,MICROPOLAR THERMAL VARÓN COD:62 AZUL MARINO T/L,1553293089767,34500,,
8917,MICROPOLAR THERMAL VARÓN COD:62 AZUL MARINO T/M,1553293083986,34500,,
8916,MICROPOLAR THERMAL VARÓN COD:62 AZUL MARINO T/S,1553293077132,34500,,
8915,MICROPOLAR THERMAL VARÓN COD:62 VERDE OLIVO T/XXL,1553291828503,34500,,
8914,MICROPOLAR THERMAL VARÓN COD:62 VERDE OLIVO T/XL,1553291822091,34500,,
8913,MICROPOLAR THERMAL VARÓN COD:62 VERDE OLIVO T/L,1553291812085,34500,,
8912,MICROPOLAR THERMAL DAMA COD:63 NEGRO TALLA 3XL,1716997286544,39900,,
8911,MICROPOLAR THERMAL DAMA COD:63 NEGRO TALLA XXL,1649690457097,32900,,
8910,MICROPOLAR THERMAL DAMA COD:63 NEGRO TALLA XL,1649690448127,32900,,
8909,MICROPOLAR THERMAL DAMA COD:63 NEGRO TALLA L,1649690439635,32900,,
8908,MICROPOLAR THERMAL DAMA COD:63 NEGRO TALLA M,1649690431531,32900,,
8907,MICROPOLAR THERMAL DAMA COD:63 NEGRO TALLA S,1649690423487,32900,,
8906,MICROPOLAR THERMAL DAMA COD:63 GRIS ACERO TALLA XXL,1615384965963,32900,,
8905,MICROPOLAR THERMAL DAMA COD:63 GRIS ACERO TALLA XL,1594732923763,32900,,
8904,MICROPOLAR THERMAL DAMA COD:63 GRIS ACERO TALLA L,1594732918037,32900,,
8903,MICROPOLAR THERMAL DAMA COD:63 GRIS ACERO TALLA M,1594732913672,32900,,
8902,MICROPOLAR THERMAL DAMA COD:63 GRIS ACERO TALLA S,1594732909342,32900,,
8901,MICROPOLAR THERMAL DAMA COD:63 GRIS T/M,1560810604324,32900,,
8900,MICROPOLAR THERMAL DAMA COD:63 GRIS T/S,1560541568414,32900,,
8899,MICROPOLAR THERMAL DAMA COD:63 VERDE OLIVO T/S,1557346689512,32900,,
8898,MICROPOLAR THERMAL DAMA COD:63 GRIS T/XL,1554411267659,32900,,
8897,MICROPOLAR THERMAL DAMA COD:63 GRIS T/XXL,1553293466686,32900,,
8896,MICROPOLAR THERMAL DAMA COD:63 GRIS T/L,1553293460595,32900,,
8895,MICROPOLAR THERMAL DAMA COD:63 VERDE OLIVO T/M,1553293417153,32900,,
8894,MICROPOLAR THERMAL DAMA COD:63 AZUL MARINO T/S,1553293336514,32900,,
8893,MICROPOLAR THERMAL DAMA COD:63 VERDE OLIVO T/XXL,1553291737968,32900,,
8892,MICROPOLAR THERMAL DAMA COD:63 VERDE OLIVO T/XL,1553291733523,32900,,
8891,MICROPOLAR THERMAL DAMA COD:63 VERDE OLIVO T/L,1553291727292,32900,,
8890,MICROPOLAR THERMAL DAMA COD:63 AZUL MARINO T/XXL,1553291707089,32900,,
8889,MICROPOLAR THERMAL DAMA COD:63 AZUL MARINO T/XL,1553291701071,32900,,
8888,MICROPOLAR THERMAL DAMA COD:63 AZUL MARINO T/L,1553291693105,32900,,
8887,MICROPOLAR THERMAL DAMA COD:63 AZUL MARINO T/M,1553291685803,32900,,
8858,TAMBOR NARANJO,1553195028625,1,,
8842,TRAJE QUIMICO KAPPLER ZITRON 200,1553186825066,1,,
8841,TERMOLAMINADORA  SPYRA ULTRA 330,1553877205994,1,,
8840,TERMOLAMINADORA  OF. CARTA,1553094932119,1,,
8839,TELA JERSEY BEIGE,1730832760605,0.84,,
8838,TELA JERSEY CELESTE,1730832751086,0.84,,
8837,TELA JERSEY GRIS CLARO,1730832742467,0.84,,
8836,TELA JERSEY VERDE BOTELLA,1730832732651,0.84,,
8835,TELA BIESTRECH AMARILLO,1702479416676,0.84,,
8834,TELA NAUTICA AZUL MARINO,1688076505025,0.84,,
8833,TELA MALLA CALADA AZUL MARINO,1687450767912,0.84,,
8832,TELA MED COMFORT LUXE VERDE PWETROLEO,1686245128986,0.84,,
8831,TELA OXFORD AMARILLO FLUOR MTS,1684945025628,0.84,,
8830,TELA SILVER GRIS PERLA,1684258467785,0.84,,
8829,TELA POLAR ROJO KILO,1678133826886,0.84,,
8828,TELA TAFETAN NARANJA 100% POLIESTER,1678133768327,0.84,,
8827,TELA PIQUE AZUL MARINO,1676061568144,0.84,,
8826,TELA PUÑO JERSEY AMARILLO FLUOR,1676061536481,0.84,,
8825,TELA PUÑO JERSEY AZUL MARINO,1676061525114,0.84,,
8824,TELA JERSEY AZUL MARINO,1676061511060,0.84,,
8823,TELA JERSEY AMARILLO FLUOR,1676061501512,0.84,,
8822,TELA JERSEY NEGRO,1676060985129,0.84,,
8821,TELA NAUTICA BLANCA,1676060760057,0.84,,
8820,TELA JERSEY MELANGE CLARO,1674757310260,0.84,,
8819,TELA PIQUE BURDEO,1672328880782,0.84,,
8818,TELA PVC VERDE,1670332598464,0.84,,
8817,TELA BIESTRECH ROJO,1669152424620,0.84,,
8816,TELA BIESTRECH NEGRA,1668532986723,0.84,,
8815,TELA ABLETEX AMARILO FLUOR,1668200308973,0.84,,
8814,TELA ABLETEX NARANJO ENCENDIDO,1668200299243,0.84,,
8813,TELA VESTIFLES VERDE MILITAR,1668200257147,0.84,,
8812,TELA PVC AZUL,1665604615026,0.84,,
8811,TELA POPELINA AZUL REY,1664811991416,0.84,,
8810,TELA POPELINA FUCSIA,1664811786870,0.84,,
8809,TELA BIESTRECH BLANCO,1663951091324,0.84,,
8808,TELA POLAR AZUL REY,1663950983274,0.84,,
8807,TELA POPELINA AMARILLO,1663950914625,0.84,,
8806,TELA OXFORD AZUL MARINO MTS,1663087120351,0.84,,
8805,TELA POPELINA CELESTE,1663005155975,0.84,,
8804,TELA POPELINA VERDE BOTELLA,1662063402891,0.84,,
8803,TELA POPLIN NARANJO,1662063229526,0.84,,
8802,TELA BIESTRECH AZUL REY COD.2575,1660857950049,0.84,,
8801,TELA MALLA CALADA ROJO COD.8700,1660857878489,0.84,,
8800,TELA POLAR GRIS,1659379771488,0.84,,
8799,TELA POPLIN VERDE MUZGO,1659370705145,0.84,,
8798,TELA GABARDINA BLANCA,1659367262860,0.84,,
8797,TELA BIESTRECH VERDE BOTELLA,1658766663970,0.84,,
8796,TELA POPLIN GRIS MEDIO  COD 2540-09M,1658766486375,0.84,,
8795,TELA POPLIN BURDEO COD 2540-12,1656455054345,0.84,,
8794,TELA POPELINA BLANCA,1654899781378,0.84,,
8793,TELA POLAR A. FLUOR,1640097672239,0.84,,
8792,TELA POLAR NEGRO,1640097666383,0.84,,
8791,TELA MALLA CALADA NARANJA,1638286174500,0.84,,
8790,TELA MALLA CALADA NEGRO COD.8700-02,1632836046546,0.84,,
8789,TELA POLAR AMARILLO,1630521059973,0.84,,
8788,TELA MEZCLILLA AZUL,1628187945577,0.84,,
8787,TELA POLAR VERDE BOTELLA,1628187836586,0.84,,
8786,TELA TASLAN VERDE BOTELLA,1628187785136,0.84,,
8785,TELA POPLIN AMARILLO FLUOR,1628187728126,0.84,,
8784,TELA POPLIN VERDE ESMERALDA,1628187614457,0.84,,
8783,TELA POPLIN BEIGE COD.2540-01,1626992002818,0.84,,
8782,TELA PIQUE GRIS MELANGE CLARO MTS,1626269745355,0.84,,
8781,TELA GABARDINA AZUL MARINO,1625057732443,0.84,,
8780,TELA BIESTRECH AZUL MARINO,1624041139318,0.84,,
8779,TELA SESGO PLANCHADO LISO AMARILLO ORO 30 MM,1623774911609,0.84,,
8778,TELA POPLIN CELESTE COD.2540,1623189518994,0.84,,
8777,TELA MED COMFORT LUXE BLANCO,1622142530797,0.84,,
8776,TELA MICROPOLAR NARANJO COD:9700,1622142104157,0.84,,
8775,TELA BIESTRECH GRIS COD:2575,1622142035852,0.84,,
8774,TELA GABARDINA NARANJA FLUOR METROS,1621368984671,0.84,,
8773,TELA POPELINA AZUL MARINO,1621363156274,0.84,,
8772,TELA POPLIN AMARILLO,1621363049917,0.84,,
8771,TELA UV BLOCK COD.2521 AZUL MARINO,1620069888831,0.84,,
8770,TELA MALLA CALADA BLANCO COD.8700-01,1619186417592,0.84,,
8769,TELA MICROPOLAR AZUL MARINO COD.9700-03,1619186287279,0.84,,
8768,TELA GABARDINA NEGRO COD 330-02,1619186180126,0.84,,
8767,TELA GABARDINA AMARILLO FLUOR  COD.3300-27F,1619186164787,0.84,,
8766,TELA VESTIFLEX AZUL REY MTS,1618438052119,0.84,,
8765,TELA MICROPOLAR GRIS (COD.9700) MTS,1618419166456,0.84,,
8764,TELA FIRETEX C320 IGNIFUGO AZUL MARINO,1618406777061,0.84,,
8763,TELA ENTRETELA 50C BLANCA 100 X 1.50 MTS,1618405870992,0.84,,
8762,TELA TNT BLANCO,1618405636334,0.84,,
8761,TELA NAUTICA VERDE BOTELLA,1618405603693,0.84,,
8760,TELA NAUTICA ROJO,1618405594639,0.84,,
8759,TELA GABARDINA AZUL REY,1617111381019,0.84,,
8758,TELA POPLIN AZUL REY,1617111370037,0.84,,
8757,TELA GABARDINA ROJO COD.3300-13,1617111299063,0.84,,
8756,TELA BIESTRECH VERDE CATA,1616705051410,0.84,,
8755,TELA OXFORD BLANCO MTS,1616605819134,0.84,,
8754,TELA POLAR AZUL MARINO COD 9600-03,1616599642372,0.84,,
8753,TELA POPLIN AZUL MARINO COD 2540-03,1616599602253,0.84,,
8752,PALETA PARE Y SIGA,1553007118356,13900,,
8740,PUNTERA DE ACERO 41-45,1553107277917,19000,,
8739,PUNTERA DE ACERO 35-40,1552918777472,19000,,
8729,MICROPOLAR NAVIGATOR VARON NEGRO/GRIS Talla XXXL,1747665251816,27500,,
8728,MICROPOLAR NAVIGATOR DAMA NEGRO/GRIS Talla XXL,1552422009134,26500,,
8727,MICROPOLAR NAVIGATOR DAMA NEGRO/GRIS Talla XL,1552422003392,26500,,
8726,MICROPOLAR NAVIGATOR DAMA NEGRO/GRIS Talla L,1552421996468,26500,,
8725,MICROPOLAR NAVIGATOR DAMA NEGRO/GRIS Talla M,1552421993258,26500,,
8724,MICROPOLAR NAVIGATOR DAMA NEGRO/GRIS Talla S,1552421985102,26500,,
8723,MICROPOLAR NAVIGATOR VARON NEGRO/GRIS Talla XXL,1552421836708,27500,,
8722,MICROPOLAR NAVIGATOR VARON NEGRO/GRIS Talla XL,1552421828981,27500,,
8721,MICROPOLAR NAVIGATOR VARON NEGRO/GRIS Talla L,1552421824486,27500,,
8720,MICROPOLAR NAVIGATOR VARON NEGRO/GRIS Talla M,1552421816943,27500,,
8719,MICROPOLAR NAVIGATOR VARON NEGRO/GRIS Talla S,1552421802259,27500,,
8480,MICROPOLAR S/MANGAS VARON NEGRO TALLA S,1593203874913,11900,,
8479,MICROPOLAR S/MANGAS VARON NEGRO Talla L,1576090515921,11900,,
8478,MICROPOLAR S/MANGAS VARON NEGRO Talla XXL,1551821911178,11900,,
8477,MICROPOLAR S/MANGAS VARON NEGRO Talla XL,1551821905490,11900,,
8476,MICROPOLAR S/MANGAS VARON NEGRO Talla M,1551821893585,11900,,
8444,"MANTA IGNIFUGA ALTA TEMPERATURA JT650G1 2,0X2,0 MTS",1744146854432,76190,,
8443,"MANTA IGNIFUGA ALTA TEMPERATURA JT900HT 2,0X2,0 MTS",1736863617951,240390,,
8442,REPUESTO ARNES 3M  COD.6897,1551452693663,1,,
8441,MICROPOLAR NAVIGATOR VARON AZUL MARINO Talla XXXL,1747335263662,27500,,
8440,MICROPOLAR NAVIGATOR DAMA AZUL MARINO Talla XXL,1552422058482,26500,,
8439,MICROPOLAR NAVIGATOR DAMA AZUL MARINO Talla XL,1552422051791,26500,,
8438,MICROPOLAR NAVIGATOR DAMA AZUL MARINO Talla L,1552422044982,26500,,
8437,MICROPOLAR NAVIGATOR DAMA AZUL MARINO Talla M,1552422041256,26500,,
8436,MICROPOLAR NAVIGATOR DAMA AZUL MARINO Talla S,1552422037758,26500,,
8435,MICROPOLAR NAVIGATOR VARON AZUL MARINO Talla M,1552422034106,27500,,
8434,MICROPOLAR NAVIGATOR VARON AZUL MARINO Talla XXL,1552421702068,27500,,
8433,MICROPOLAR NAVIGATOR VARON AZUL MARINO Talla S,1552421684662,27500,,
8432,MICROPOLAR NAVIGATOR VARON AZUL MARINO Talla XL,1551451339245,27500,,
8431,MICROPOLAR NAVIGATOR VARON AZUL MARINO Talla L,1551451324107,27500,,
8391,AMORTIGUADOR EN Y CON CINTA TUBULAR KL-9800 KBEEN,1715872713723,44900,,
8390,AMORTIGUADOR STEELWIRE,1653513511034,0.84,,
8388,ARNES SEGMA COBRA 3000 DIELECTRICO (CODIGO: 41104239E),1727187051403,149000,,
8387,ARNES YARDBIRD IGNIFUGO,1653513545146,0.84,,
8382,ARNES 4 ARGOLLA PROTECTORA 3M,1550512430434,1,,
8220,LONA CAPACHO,1550179367712,1,,
8197,TELA MICROPORE 3M,1738948840662,3990,,
8196,TELA ADHESIVA PLÁSTICA,1549982289416,1,,
8188,SUERO FISIOLÓGICO  250 ML,1738936419840,3190,,
8187,SUERO FISIOLÓGICO  5 ML,1679057851255,0.84,,
8186,SUERO FISIOLÓGICO  10 ML X 50 UNIDADES,1662587469223,0.84,,
8185,SUERO FISIOLÓGICO  20 ML,1549982077667,1690,,
8184,SUERO FISIOLÓGICO  500 ML,1549982070338,1,,
8130,BARRA DE PROTECCIÓN LABIAL SAFE PRO FPG 30+ 6 GR,1549466900109,2490,,
7719,HISOPO PARA BAÑO C/RECIPIENTE,7506240636458,4190,,
7718,PORTA HERRAMIENTA DOBLE PROFESIONAL,1654893615433,17300,,
7717,PORTA HERRAMIENTA DOBLE NAYLON NEGRO CON HEBILLA MILITAR,1582137541225,6600,,
7716,PORTA HERRAMIENTA DOBLE NEGRO,1581455498379,6600,,
7715,PORTA HERRAMIENTA DOBLE NAYLON AZUL MARINO CON HEBILLA MILITAR,1549027368198,6600,,
7680,PARCHE CURITA MUNCARE RESTANGULAR 100 UN,1746205136004,5900,,
7679,PARCHE CURITA CAFE 100 UNIDADES,1738943459989,5490,,
7678,PARCHE QUEMADURA,1549982022618,1,,
7677,PARCHE CURITA AZUL 100 UNIDADES,1548687954982,18800,,
7676,RECOLECTOR DE FRUTAS COMPLETO (CAPACHO),1548449456692,1,,
7633,"CANISTER MASPROT T25 ABEK2HG P3 R/GASES, VAPORES ORG. E INORG. GASES ACIDOS, K2 Y HG",1661784753731,53000,,
7632,CANISTER MASPROT T15 AX/ GASES Y VAPORES UNIDAD,1661783896284,31900,,
7631,CANISTER MASPROT T18 K2/ AMONIO UNIDAD,1661783796015,27900,,
7630,CANISTER MSA 90 K2 AMONIACO,1594321819409,1,,
7629,CANISTER MSA ABEK2 HGP3,1547493028169,1,,
7625,JERINGA 5cc LOCK C/A 21x1 1/2 CAJA  x 100,1547484261486,1,,
7624,ALGODÓN HIDROFILO PRENSADO,1547483997460,14990,,
7371,"MICROSCOPIO MONOCULAR CON FUENTE DE LUZ A 220V CON 4 OBJETOS (4x, 10x, Y 100x), OCULAR DE 10x  CONEXIÓN 220V QUIMIA (**)",1545232781755,1,,
7370,VASO REUTILIZABLE 260CC X 36UN,76235694589557,18600,,
7369,VASO DESECHABLE 200ML 7ONZ X 50 UN,75890884916939,1100,,
7368,VASO 300 CC PACK 100UNID,1638801990285,8780,,
7367,VASO PRECIPITADO DE VIDRIO BOROSILICATODE 100 ml GRADUADO DURAN-SCHOTT ALEMAN,1545232496636,1,,
7366,FRASCO GOTARIO DE VIDRIO TRANSPARENTE DE 100 ml CON TAPA PLANA ALEMAN,1545232405454,1,,
7365,PIPETA GRADUADA DE VIDRIO DE 10 ml.  CLASE AS ALEMAN,1545232195324,1,,
7364,REFRACTOMETRO MANUAL RANGO: 0 A 32° BRIX. CON ATC. ALLA FRANCIA,1545232137198,1,,
7363,"LUPA BINOCULAR ESTEREOSCOPICA, CON FUENTE DE LUZ A 220V. AUMENTO HASTA 40X CONEXION 220V. QUIMIS. MOD. Q-724S",1545231708337,1,,
7362,"TERMÓMETRO DIGITAL RANGO: -50/+150°C, CON SENSOR DE ACERO Y CABLE DE 1 mt. MOD.CHECKTEMP C. HANNA",1545231497485,1,,
7361,"TERMÓMETRO DIGITAL RANGO: -50/+150°C, CON SENSOR DE ACERO MOD.CHECKTEMP C. HANNA",1545231426565,1,,
7360,ESTUFA DE SECADO Y CULTIVO DE CAPACIDAD 30 LT. TEMPERATURA 5 A 80°C Y 80 A 220°C MEDIDAS: 32X34X26 cms. CONEXION 220V,1545231333762,1,,
7359,SILLAS OFICINA EJECUTIVA LOTTO NEGRO,1745938028604,253900,,
7358,SILLAS PRISMA,1545231090342,1,,
7296,PROTECTOR SOLAR LEBLON,1544451098413,4500,,
7270,OMO 800 GR,1549480236226,1,,
7269,OMO 400 GR,1543845164483,1,,
7268,BOLSA CAMISETA,1744322822218,3700,,
7267,BOLSA AILEDA MULTIUSO CIERRE HERMETICO TALLA L,6902023110237,1550,,
7266,BOLSA AILEDA MULTIUSO CIERRE HERMETICO TALLA M,6902023110220,1550,,
7265,BOLSA AILEDA MULTIUSO CIERRE HERMETICO TALLA S,6902023110213,1550,,
7264,BOLSA ZIPLOC CIERRE HERMETICO GRANDES,1582232063180,1,,
7260,SEÑALETICA PISO HUMEDO,1564667778116,9900,,
7259,SEÑALETICA GRANDE 30 X 20 CM,1543347060447,0.84,,
7258,SEÑALETICA MEDIANA 25 X 18 CM,1543347055075,1,,
7257,SEÑALETICA PEQUEÑA 22 X 14 CM,1543347049339,1,,
7244,CONTENEDOR  240 LITROS AZUL,1744381593195,0.84,,
7243,CONTENEDOR  240 LITROS GRIS,1684427424810,65990,,
7242,CONTENEDOR  120 LTS C/ RUEDA RECICLAJE LATAS,1543327719539,24900,,
7198,VIRUTILLA  DE ACERO INOXIDABLE 2 UN AILEDA,1713196821830,990,,
7197,VIRUTILLA  OLLA,1558627573956,710,,
7196,VIRUTILLA  PISO,1542376644905,1,,
7195,VIRUTILLA  OLLA FINA,1542376640366,710,,
7023,LAVAOJOS  PORTATIL STEELPRO,1542289427589,1,,
7022,LAVAOJOS  PORTATIL WG6000A,1542289413491,1,,
6931,FILTRO AIR F700CP3 P3R,1612469796022,0.84,,
6930,FILTRO AIR F200CP3 P3R,1612469752076,0.84,,
6929,FILTRO AIR F600VG A1E1 GA,1612469705096,0.84,,
6928,FILTRO AIR 6923 A1E1P3R,1598545853157,1,,
6927,FILTRO AIR 291-97 P100,1586445769289,12900,,
6926,FILTRO AIR F600VGP3 A1E1 P3,1541614604391,1,,
6822,LIBRETA ECOLOGICA,1540348897436,1,,
6744,PROTECTOR SOLAR SAFEPRO FACTOR 50 220 GRS,1540324138780,5500,,
6677,PROTECTOR SOLAR LITRO F/30 SAFEPRO,1539709071269,1,,
6642,"MARCO METÁLICO 36""  METÁLICO NIQUELADO",1539200220646,1,,
6641,"MARCO METÁLICO 24""  METÁLICO NIQUELADO",1539200212714,1,,
6486,JABON MECANICO ABRASIVO SAFEPRO 5000 ML,7809516801001,43100,,
6485,JABON MECANICO ABRASIVO SAFEPRO 1000 ML,7809516800998,11600,,
6409,"PORTAMINA 0,7",1538589944402,1,,
6403,SEPARADOR DE CINTA RETRÁCTIL PARA CONOS,7809808053545,17500,,
6388,GOMA FACTIS,1543869822697,1,,
6387,GOMA,1538572838002,1,,
6386,FUNDA PLASTICA OFICIO 100 UN,1538572784936,1,,
6385,FUNDA PLASTICA CARTA 100 UN,1538572767944,1,,
6239,TACO CUBO NOTAS DE COLORES 400 HJS,1538572544864,1,,
6237,SET BANDERITAS ANGOSTAS,1538572225347,1,,
6234,PORTA CLIP REDONDO,1538572068433,1,,
6233,SCOTCH,1538572040686,990,,
6226,TACO AMARILLO 76X76 MM,1538571844594,1,,
6225,REGLA 60 CM,1729279406743,2050,,
6224,REGLA 30 CM,1538571770510,1,,
6222,PASTILLA  ESTANQUE TEDDY X3 UN,7808304316161,1990,,
6219,PASTILLA  INICIADORES DE FUEGO 24 UND FLAMAX,4012425144005,2190,,
6218,"PASTILLA  DECLORADORA 4,48 KILOS",1558018638492,1,,
6217,PASTILLA  DECLORADORA 144 PASTILLAS 20 K CLEAN LIMPISUR,1538419590538,3540,,
6216,PASTILLA CLORADORA HYPOCAL 14 K CLEAN LIMPISUR,1538419520098,1,,
6178,MICROPOLAR S/MANGAS DAMA GRIS TALLA XXL,1570830294990,8900,,
6177,MICROPOLAR S/MANGAS DAMA GRIS TALLA XL,1570830289369,8900,,
6176,MICROPOLAR S/MANGAS DAMA GRIS TALLA L,1570830281930,8900,,
6175,MICROPOLAR S/MANGAS DAMA GRIS TALLA M,1570830274755,8900,,
6174,MICROPOLAR S/MANGAS DAMA GRIS TALLA S,1538333806002,8900,,
6173,MICROPOLAR S/MANGAS VARON GRIS TALLA XXL,1570830456312,11900,,
6172,MICROPOLAR S/MANGAS VARON GRIS TALLA XL,1570830450954,11900,,
6171,MICROPOLAR S/MANGAS VARON GRIS TALLA L,1570830445312,11900,,
6170,MICROPOLAR S/MANGAS VARON GRIS TALLA M,1570830441029,11900,,
6169,MICROPOLAR S/MANGAS VARON GRIS TALLA S,1538328846895,11900,,
6014,PROTECTOR SOLAR SUNTIME 200 GR.,1603534222664,5950,,
6013,PROTECTOR SOLAR SUNTIME 120 GR.,7804625951418,3900,,
6012,PROTECTOR SOLAR SUNTIME 1 LT,7804625950343,15900,,
5915,LAPIZ MODELO TINEO  VERDE,1535721048790,1,,
5914,LAPIZ MODELO TINEO  NEGRO,1535721044280,1,,
5767,MALETINES EJECUTIVO,1535386733629,10900,,
5716,LOCKERS,1535378421683,1,,
5674,LUSTRA MUEBLE  360 CC,1560958872885,3400,,
5673,LUSTRA MUEBLE  250 CC,1543845293470,2190,,
5672,LUSTRA MUEBLE  500 ML,7804604340080,2290,,
5671,TOALLA PREPICADA 2X100 MTRS APROX.,1534856535832,1,,
5662,"CONO PEQUEÑO DE 7"" 18 CMTS",1534781379601,1,,
5586,FILTRO NORTH 7581P100 VAPORES ORGÁNICOS  PAR,1567452843521,1,,
5585,FILTRO NORTH NT75003 VAPORES ORGANICOS/GASES ACIDOS,1533764217076,1,,
5547,ARNES PARA MASCARA ROSTRO COMPLETO 6800 3M,1533575016385,189000,,
5525,PLUMERO MICROFIBRA COLORES,1727120679225,5900,,
5524,PLUMERO AILEDA,6902023062024,1850,,
5523,PLUMERO  COLORES,1533324907213,2500,,
4451,SOPAPO AILEDA  AZUL,6902023062253,1990,,
4450,SOPAPO NINI AILEDA,6902023062246,1990,,
4449,SOPAPO,1533323146298,2200,,
4429,GATILLO PLASTICO PLUS,1533239528697,1,,
4401,SABANILLA MEDICA UN,1533141235184,16400,,
4125,MICROPOLAR F.ARCAM 1/2 CIERRE AZUL MARINO TALLA XXL,1590445689570,14900,,
4124,MICROPOLAR F.ARCAM 1/2 CIERRE AZUL MARINO TALLA XL,1590445683297,14900,,
4123,MICROPOLAR F.ARCAM 1/2 CIERRE AZUL MARINO TALLA L,1590445679014,14900,,
4122,MICROPOLAR F.ARCAM 1/2 CIERRE AZUL MARINO TALLA M,1590445675309,14900,,
4121,MICROPOLAR F.ARCAM 1/2 CIERRE NEGRO,1565794608627,14900,,
4120,MICROPOLAR F.ARCAM 1/2 CIERRE AZUL REY,1556298966457,14900,,
4119,MICROPOLAR F.ARCAM 1/2 CIERRE AZUL MARINO TALLA S,1532385940675,14900,,
3962,BOTIN NAZCA SUPERVISOR NEGRO NU 290 N° 37,1531862889244,39900,,
3940,LLAVEROS 2 CM IMPRESO,1531412124428,1,,
3933,LAPIZ PASTA BIC NEGRO,76003470693961,990,,
3932,LAPIZ PASTA BIC ROJO,1749571135822,990,,
3931,LAPIZ PASTA BIC AZUL,1749571118873,990,,
3930,LAPIZ PASTA METALICO MODELO BOOKER,1683736949848,8490,,
3929,LAPIZ VERDE IMPRESO,1537458238521,1,,
3928,LAPIZ 143 VERDE,1531237140318,0.84,,
3927,LAPIZ PASTA AZUL,1531237132742,890,,
3838,MICROPOLAR EJECUTIVO TELA PLANA VARON NEGRO TALLA XXXL,1718992129847,26900,,
3837,MICROPOLAR EJECUTIVO TELA PLANA VARON NEGRO Talla S,1555347433393,26900,,
3836,MICROPOLAR EJECUTIVO TELA PLANA VARON NEGRO Talla XXL,1531166671179,26900,,
3835,MICROPOLAR EJECUTIVO TELA PLANA VARON NEGRO Talla L,1531166662226,26900,,
3834,MICROPOLAR EJECUTIVO TELA PLANA VARON NEGRO Talla M,1531166657189,26900,,
3833,MICROPOLAR EJECUTIVO TELA PLANA VARON NEGRO Talla XL,1530730918995,26900,,
3822,GUANTE CUERO CORTO S/FORRO,1530717569615,1990,,
3730,TAZON BLANCO,1530307283218,1,,
3729,TALCO  SAFEPRO 120 G. TRICLOSAN,1530307208959,3800,,
3719,TOALLAS BAMBU  GRANDE 70X140 NARANJA,1530305638440,0.84,,
3718,TOALLAS BAMBU  GRANDE 70X140 BLANCA,1530305624834,1,,
3589,PIERNERAS FORESTAL PAR,1612445010578,12900,,
3588,PIERNERAS TELA NAUTICA FAB. NACIONAL AZUL REY (PAR),1571693554909,1,,
3587,PIERNERAS ANTICORTE OXFORD,1530304720705,1,,
3549,ESCLAVINA VERDE,1569935763675,3300,,
3548,ESCLAVINA NEGRA,1563389964518,3300,,
3547,ESCLAVINA BLANCA,1530195426151,3300,,
3501,MICROPOLAR EXPEDITION NEGRO/GRIS DAMA TALLA XXXL,1741979779330,36900,,
3500,MICROPOLAR EXPEDITION NEGRO/GRIS TALLA S,1711657741731,36900,,
3499,MICROPOLAR EXPEDITION NEGRO/GRIS TALLA XXXL,1711657189255,36900,,
3498,MICROPOLAR EXPEDITION NEGRO/GRIS DAMA TALLA XXL,1556650191760,35900,,
3497,MICROPOLAR EXPEDITION NEGRO/GRIS DAMA TALLA XL,1556650181549,35900,,
3496,MICROPOLAR EXPEDITION NEGRO/GRIS DAMA TALLA L,1556650174400,35900,,
3495,MICROPOLAR EXPEDITION NEGRO/GRIS DAMA TALLA M,1554307440570,35900,,
3494,MICROPOLAR EXPEDITION NEGRO/GRIS DAMA TALLA S,1554307433907,35900,,
3493,MICROPOLAR EXPEDITION NEGRO/GRIS TALLA XL,1529879970142,36900,,
3492,MICROPOLAR EXPEDITION NEGRO/GRIS TALLA L,1529879945135,36900,,
3491,MICROPOLAR EXPEDITION NEGRO/GRIS TALLA M,1529879915213,36900,,
3490,MICROPOLAR EXPEDITION NEGRO/GRIS TALLA XXL,1529879779811,36900,,
3489,MICROPOLAR EXPEDITION NEGRO/GRIS VARON TALLA S,1529879762642,36900,,
3426,DISPENSADOR JABON PLASTICO DOBLE BLANCO TAUMM,1732739418645,5900,,
3424,DISPENSADOR JABON PLASTICO SIMPLE 500 CC BLANCO TAUMM,1726069775245,3990,,
3423,DISPENSADOR JABON PLASTICO 1000 ML TAUMM,1726069523761,10990,,
3421,DISPENSADOR JABÓN 500 ML // PLÁSTICO,7528530081144,4900,,
3420,DISPENSADOR JABON 1000 ML//METALICO,1685375753043,17900,,
3416,DISPENSADOR JABON GRANEL 600 ML,1588713109501,5500,,
3415,DISPENSADOR TOALLA INTERFOLIADA PLASTICO,1570483733257,14900,,
3414,DISPENSADOR JABÓN 800 ML // METÁLICO,1565214151940,18900,,
3413,DISPENSADOR JABÓN 800 ML // PLÁSTICO,7898685860230,12900,,
3406,TOALLA DOMESTICA  100 METROS X 4 ROLLOS,1584981522563,7490,,
3405,TOALLA DOMESTICA  X1 DE 45 MTS,1536761342174,5900,,
3404,TOALLA DOMESTICA  LYM 2 UNIDADES,1529453224437,1490,,
3378,JABON BRIGHT BOLSA 900 CC,1751465673677,2900,,
3377,JABON ANTIBAC DIFEM C/GLICERINA 1 LITRO,1746214277483,28590,,
3376,JABON SOFTCARE PLUS FOAM H42,1741786743540,19490,,
3375,JABON VAINILLA 350 ML,1647456514244,2980,,
3374,JABON FRUTOS ROJOS 350 ML,1647456467688,2900,,
3373,JABON GLICERINA LANOLINA NEUTRO 5 LITROS,1638380311215,19900,,
3372,JABON LIQUIDO CREMOSO MR ROB CERTIFICADO 5000 ML,1623935539194,10400,,
3371,JABON GERMIC SAFEPRO 1000 ML,7809516801155,9500,,
3370,JABON LIQUIDO X 2 LITROS,7804663500074,2900,,
3369,JABON VAINILLA 320 ML,1581970054213,2350,,
3368,JABON FRUTOS ROJOS 320 ML,1581970046346,3400,,
3367,JABON GERMIC SAFEPRO 5 Litros,7809516801148,17500,,
3366,DISGREGANTE FECAL BAÑO QUÍMICO ULTRA POWER 5 LITROS,7804604340158,10990,,
3365,DISGREGANTE FECAL BAÑO QUÍMICO ENV. 10 LTS. CLEAN LIMPISUR,1538419647603,1,,
3364,DISGREGANTE FECAL BAÑO QUÍMICO ENV. 5 LTS. CLEAN LIMPISUR,1529452958724,10800,,
3363,MANTENEDOR DE PISO MR.ROB AROMA BRISA MARINA 5 LITROS,1747326996076,4900,,
3362,MANTENEDOR DE PISO ALTO PODER 5 LITROS,1744908210672,9990,,
3361,MANTENEDOR DE PISO MULTIPROPOSITO MR.ROB LAVANDA 5 LITROS ISP,1648129307506,8900,,
3360,MANTENEDOR DE PISO MR.ROB AROMA VAINILLA 5 LITROS,1648129253517,4900,,
3359,MANTENEDOR DE PISO MR.ROB AROMA LAVANDA 5 LITROS,1648129244011,4900,,
3358,MANTENEDOR DE PISO POETT 900 CC,1589470533575,3450,,
3357,MANTENEDOR DE PISO 900 cc,1536761010576,1600,,
3356,MANTENEDOR DE PISO 5 Litros,1529452935887,6950,,
3337,Eliminador de Olores Mascota 900 cc,1529452812402,4490,,
3327,JABÓN GLICERINA NEUTRO SAFEPRO HEALTH 5 LITROS,7809516801179,10990,,
3326,JABÓN GLICERINA CLEAN ENV 5 LITROS,D55-2006,10200,,
3325,JABÓN GLICERINA 5 Litros,1529454221943,6980,,
3323,DESODORANTE AMBIENTAL NEUTRALIZADOR OLORES AIRWICK 237 ML,76426813043173,6280,,
3322,DESODORANTE AMBIENTAL AIRWICK MATIC 250ML + REPUESTO LAVANDA,76131170780538,17270,,
3321,DESODORANTE AMBIENTAL AIRWICK MATIC 250ML + REPUESTO CITRICO,76131167783007,17270,,
3320,DESODORANTE AMBIENTAL AMBIENTAL BRIGHT FRUIT 400 ML,1698778003407,2400,,
3319,DESODORANTE AMBIENTAL AMBIENTAL BRIGHT LAVANDA 400 ML,3894143695288,2400,,
3318,DESODORANTE AMBIENTAL AMBIENTAL BRIGHT MANZANA 400 ML,3894143695271,2400,,
3317,DESODORANTE AMBIENTAL LAVANDA 360 CC,7804947001716,1980,,
3316,DESODORANTE AMBIENTAL FLORAL 360 CC,7804947001709,1980,,
3315,DESODORANTE AMBIENTAL 360 CC,1549480541194,2100,,
3314,DESODORANTE AMBIENTAL 400 ML,1533323097035,2400,,
3313,DESODORANTE AMBIENTAL LIQUIDO 900 cc,1529452687441,1900,,
3294,Suavizante Ropa Concentrado 5 Litros,1529452555703,6900,,
3286,Shampoo de Vehiculo 1 LITRO,1741811799846,5800,,
3285,Shampoo de Vehiculo MOTORLIFE 2 LTS,7807368003185,9900,,
3284,Shampoo de Vehiculo S-CAR 5 LITROS,1659108994059,11900,,
3283,Shampoo de Vehiculo 900 cc,1529457575672,2500,,
3282,Shampoo de Vehiculo 5 Litros,1529452473120,8500,,
3281,RENOVADOR DE GOMA RG LIMP 5 LITROS,1659109055807,11900,,
3280,RENOVADOR 900 cc,1529453616097,4900,,
3279,RENOVADOR DE GOMA 5 LITROS,1529452432085,14900,,
3226,INSTALACIÓN EQUIPO AIRE ACONDICIONADO 24.000 BTU,1529073545392,90000,,
3225,INSTALACIÓN EQUIPO AIRE ACONDICIONADO 18.000 BTU,1529073526086,70000,,
3224,INSTALACIÓN EQUIPO AIRE ACONDICIONADO 12.000 BTU,1529073507582,60000,,
3223,INSTALACIÓN EQUIPO AIRE ACONDICIONADO 9.000 BTU,1529073481889,50000,,
3222,EQUIPO DE AIRE ACONDICIONADO INVERTER KHNE KSMI-12BC2,1682352755912,510990,,
3221,EQUIPO DE AIRE ACONDICIONADO 24.000 BTU,1529073386181,540000,,
3220,EQUIPO DE AIRE ACONDICIONADO 18.000 BTU,1529073326861,390000,,
3219,EQUIPO DE AIRE ACONDICIONADO 12.000 BTU,1529073266324,280000,,
3218,EQUIPO DE AIRE ACONDICIONADO 9.000 BTU,1529073240034,245000,,
3212,MICROPOLAR EJECUTIVO TELA PLANA DAMA NEGRO Talla XXL,1555347825649,25900,,
3211,MICROPOLAR EJECUTIVO TELA PLANA DAMA NEGRO Talla XL,1530730830866,25900,,
3210,MICROPOLAR EJECUTIVO TELA PLANA DAMA NEGRO Talla L,1530311156685,25900,,
3209,MICROPOLAR EJECUTIVO TELA PLANA DAMA NEGRO Talla S,1530311151757,25900,,
3208,MICROPOLAR EJECUTIVO TELA PLANA DAMA NEGRO Talla M,1529015722156,25900,,
3207,MICROPOLAR PREMIUM NEGRO Talla L,1671344423369,0.84,,
3206,MICROPOLAR PREMIUM AZUL MARINO VARON Talla XL,1671330599587,0.84,,
3205,MICROPOLAR PREMIUM NEGRO DAMA TALLA S,1652476850469,0.84,,
3204,MICROPOLAR PREMIUM NEGRO Talla XL,1558020154127,23900,,
3203,MICROPOLAR PREMIUM NEGRO DAMA Talla L,1529015749108,23900,,
3202,MICROPOLAR PREMIUM NEGRO DAMA Talla M,1529015711860,23900,,
3117,ROLLO MALLA CERCO NARANJA 45 METROS,7809808031734,13900,,
3114,ROLLO CINTA PELIGRO AMARILLA,6901750094216,18900,,
3113,ROLLO CINTA PELIGRO 500 METROS,1543848883875,1.19,,
3112,ROLLO CINTA PELIGRO 350 METROS,1099489921147,8900,,
3092,PROTECTOR SOLAR SUNWORK F/50 SPRAY 120 ML,1693500218039,9700,,
3091,PROTECTOR SOLAR SUNWORK F/50 GREEN 120 G,1542987483297,9900,,
3090,PROTECTOR SOLAR SUNWORK F/50 120 G,7804625950015,9900,,
3089,PROTECTOR SOLAR SUNWORK F/50 1 LITRO,7804625950022,20300,,
3088,PROTECTOR SOLAR SAFEPRO F/50 120 GRS.,1538667976499,4500,,
3087,PROTECTOR SOLAR SAFEPRO F/50 1 LITRO,PRODUCTO1137,14900,,
2671,PETO COLOR SIN BOLSILLOS CON ELÁCTICOS POPLIN,PRODUCTO701,1.19,,
2670,PETO COLOR SIN BOLSILLOS CON ELÁCTICOS BIESTRECH,PRODUCTO700,1.19,,
2273,MUÑEQUERA ABIDISESTRO BLUNDING CON SOPORTE DE MANO TALLA M,1748527455399,11900,,
2272,MUÑEQUERA SIMPLE BLUNDING,1748527382842,9590,,
2271,MUÑEQUERA ELASTICADA CON DEDO Talla L,PRODUCTO522,1.19,,
2270,MICROPOLAR S/MANGAS VARON AZUL REY Talla L,1565986763822,11900,,
2269,MICROPOLAR S/MANGAS VARON AZUL REY Talla XXL,PRODUCTO1136,11900,,
2268,MICROPOLAR S/MANGAS VARON AZUL REY Talla XL,PRODUCTO1135,11900,,
2267,MICROPOLAR S/MANGAS VARON AZUL REY Talla S,PRODUCTO1134,11900,,
2266,MICROPOLAR S/MANGAS VARON AZUL REY Talla M,PRODUCTO1133,11900,,
2265,MICROPOLAR EJECUTIVO TELA PLANA VARON AZUL MARINO Talla 3XL,1715269873543,26900,,
2264,MICROPOLAR EJECUTIVO TELA PLANA VARON AZUL MARINO Talla XXL,PRODUCTO506,26900,,
2263,MICROPOLAR EJECUTIVO TELA PLANA VARON AZUL MARINO Talla XL,PRODUCTO505,26900,,
2262,MICROPOLAR EJECUTIVO TELA PLANA VARON AZUL MARINO Talla S,PRODUCTO504,26900,,
2261,MICROPOLAR EJECUTIVO TELA PLANA VARON AZUL MARINO Talla M,PRODUCTO503,26900,,
2260,MICROPOLAR EJECUTIVO TELA PLANA VARON AZUL MARINO Talla L,PRODUCTO502,26900,,
2259,MICROPOLAR EJECUTIVO TELA PLANA DAMA GRIS OSCURO 03089 TALLA XXL,1722895328635,0.84,,
2258,MICROPOLAR EJECUTIVO TELA PLANA DAMA GRIS OSCURO 03089 TALLA XL,1722895321786,0.84,,
2257,MICROPOLAR EJECUTIVO TELA PLANA DAMA GRIS OSCURO 03089 TALLA L,1722895316431,0.84,,
2256,MICROPOLAR EJECUTIVO TELA PLANA DAMA GRIS OSCURO 03089 TALLA M,1722895310721,0.84,,
2255,MICROPOLAR EJECUTIVO TELA PLANA DAMA GRIS OSCURO 03089 TALLA S,1722895305789,0.84,,
2254,MICROPOLAR EJECUTIVO TELA PLANA DAMA AZUL ROYAL TALLA XXXL,1722268701331,25900,,
2253,MICROPOLAR EJECUTIVO TELA PLANA DAMA AZUL ROYAL TALLA XXL,1722268689973,25900,,
2252,MICROPOLAR EJECUTIVO TELA PLANA DAMA AZUL ROYAL TALLA XL,1722268684788,25900,,
2251,MICROPOLAR EJECUTIVO TELA PLANA DAMA AZUL ROYAL TALLA L,1722268680219,25900,,
2250,MICROPOLAR EJECUTIVO TELA PLANA DAMA AZUL ROYAL TALLA M,1722268676423,25900,,
2249,MICROPOLAR EJECUTIVO TELA PLANA DAMA AZUL ROYAL TALLA S,1722268669920,25900,,
2248,MICROPOLAR EJECUTIVO TELA PLANA DAMA AZUL MARINO Talla 3XL,1721687007799,25900,,
2247,MICROPOLAR EJECUTIVO TELA PLANA DAMA AZUL MARINO Talla XXL,PRODUCTO501,25900,,
2246,MICROPOLAR EJECUTIVO TELA PLANA DAMA AZUL MARINO Talla XL,PRODUCTO500,25900,,
2245,MICROPOLAR EJECUTIVO TELA PLANA DAMA AZUL MARINO Talla S,PRODUCTO499,25900,,
2244,MICROPOLAR EJECUTIVO TELA PLANA DAMA AZUL MARINO Talla M,PRODUCTO498,25900,,
2243,MICROPOLAR EJECUTIVO TELA PLANA DAMA AZUL MARINO Talla L,PRODUCTO497,25900,,
2242,MICROPOLAR S/MANGAS VARON AZUL MARINO Talla XXL,PRODUCTO476,11900,,
2241,MICROPOLAR S/MANGAS VARON AZUL MARINO Talla XL,PRODUCTO475,11900,,
2240,MICROPOLAR S/MANGAS VARON AZUL MARINO Talla S,PRODUCTO474,11900,,
2239,MICROPOLAR S/MANGAS VARON AZUL MARINO Talla M,PRODUCTO473,11900,,
2238,MICROPOLAR S/MANGAS VARON AZUL MARINO Talla L,PRODUCTO472,11900,,
2237,MICROPOLAR S/MANGAS DAMA AZUL MARINO Talla XXL,PRODUCTO466,8900,,
2236,MICROPOLAR S/MANGAS DAMA AZUL MARINO Talla XL,PRODUCTO465,8900,,
2235,MICROPOLAR S/MANGAS DAMA AZUL MARINO Talla S,PRODUCTO464,8900,,
2234,MICROPOLAR S/MANGAS DAMA AZUL MARINO Talla M,PRODUCTO463,8900,,
2233,MICROPOLAR S/MANGAS DAMA AZUL MARINO Talla L,PRODUCTO462,8900,,
2199,MANTA DE AGUA AMARILLO FLUOR,1588102018027,9900,,
2198,MANTA DE AGUA FISHER PRICE,1529708673389,29000,,
1757,CUBRENUCA POPLIN NARANJA C/CUBREBOCA,1715376363587,1900,,
1754,CUBRENUCA POPLIN NARANJO/AMARILLO FLUOR,1608394323341,1890,,
1753,"CUBRENUCA POPLIN FAB, ARCAM",1574798936637,1890,,
1752,CUBRENUCA POPLIN AZUL MARINO Unidad,1566923398611,1890,,
1751,CUBRENUCA POPLIN NARANJA FORRO POLAR,1554829227181,3990,,
1750,CUBRENUCA POPLIN NARANJA Unidad,7807010113040,1890,,
1667,CASQUETE LIBUS CON MALLA DESMALEZADOR,1609261919537,13090,,
1314,BANDERAS UNIDAD,1662582577086,0.84,,
1313,BANDERAS NARANJA UNIDAD,PRODUCTO014,3900,,
420,Deslizador para Cuerda 14/16 mm. KL-8800,,30190,,
418,AMORTIGUADOR DOBLE EN “Y” TUBULAR KL-9800,,32890,,
416,"Amortiguador doble en Y Kl-8400, doble gancho",,27280,,
382,"Arnés 3 argollas paracaidista KL-8000, talla M/L",,11880,,
367,RETENEDOR M-612 -612,,,,
365,M600 + M612 (Accesorio),,,,
363,"MGV / MHE 500 (Gases, vapores y particulado)",,,,
361,M400 Pad (Particulado),,,,
359,MHE 500 Cápsula (Particulado),,,,
357,MGA 500 (Gases),,,,
355,MVO 500 (Vapores),,,,
353,MGV 500 (Gases y vapores),,,,
351,MHE 2 (Particulado),,,,
349,"MGV / MHE 2 (Gases, vapores y particulado)",,,,
347,MVO 2 (Vapores),,,,
345,MGV 2 (Gases y vapores),,,,
343,MHE 1A (Particulado),,,,
341,MVO 1A (Vapores),,,,
339,MGV 1A (Gases y vapores),,,,
335,"Filtro para Partículas 3M™ 5N11 , N95, Protección Respiratoria, 100 Unidades/Caja",,,,
333,"Filtro para Partículas 3M™P100, 2091/07000(AAD), 100/Caja",,,,
331,"Filtro para Partículas 3M™ P100, 7093C",,,,
329,"Cartucho/Filtro Mixto para Vapores Orgánicos, Gases Ácidos y Partículas 3M™, 60923, Magenta/Amarillo, P100, 60/caja",,,,
327,"Cartucho Amoniaco Metilamina 3M™ 6004, Protección Respiratoria, 60/Caja",,,,
325,"Cartucho para Vapores Orgánicos y Gases Ácidos 3M™ 6003, Amarillo, 30 Pares/Caja",,,,
321,"Cartucho Vapor Orgánico 3M™, Protección Respiratoria, 60/Caja",,,,
319,NUEVO Full Face M8500,,,,
317,Full Face 3000T,,,,
307,Full Face 3M 6800 ROSTRO COMPLETO - MEDIUM,,,,
